case_id,entity_id,ts,to_level,acknowledged_ts
HLT-07-CS000001,HLT-07,2025-10-01 05:59:56.553013176,L2,2025-10-01 06:19:42.854132820
HLT-07-CS000001,HLT-07,2025-10-01 01:10:39.976597309,CERT-In,2025-10-01 03:43:14.301042506
HLT-07-CS000006,HLT-07,2025-10-01 13:24:27.992867162,L2,2025-10-01 13:34:32.234703392
HLT-07-CS000006,HLT-07,2025-10-01 16:13:40.346734976,CERT-In,2025-10-01 18:38:59.601893986
HLT-07-CS000007,HLT-07,2025-10-01 13:57:11.826805920,L2,2025-10-01 14:52:29.353780439
HLT-07-CS000007,HLT-07,2025-10-01 13:47:18.100126817,CERT-In,2025-10-01 17:12:08.163093422
HLT-07-CS000014,HLT-07,2025-10-01 19:19:56.415581199,L2,2025-10-01 20:06:51.837144255
HLT-07-CS000014,HLT-07,2025-10-01 19:20:23.061736146,CERT-In,2025-10-01 21:14:02.304864520
HLT-07-CS000017,HLT-07,2025-10-02 00:45:42.885199342,CISO,2025-10-02 01:13:32.426188975
HLT-07-CS000017,HLT-07,2025-10-02 03:32:19.077657672,CERT-In,2025-10-02 04:42:53.425262614
HLT-07-CS000017,HLT-07,2025-10-02 03:42:19.077657672,NCIIPC,
HLT-07-CS000018,HLT-07,2025-10-02 08:58:29.799562745,L2,2025-10-02 09:29:00.722004304
HLT-07-CS000019,HLT-07,2025-10-02 08:47:59.154014324,L2,2025-10-02 09:35:13.055653236
HLT-07-CS000020,HLT-07,2025-10-02 08:05:25.269255580,L2,2025-10-02 08:25:53.816417581
HLT-07-CS000022,HLT-07,2025-10-02 14:27:16.203916070,L2,2025-10-02 15:07:11.581731671
HLT-07-CS000022,HLT-07,2025-10-02 16:20:44.425687588,CERT-In,2025-10-02 19:49:16.620635963
HLT-07-CS000023,HLT-07,2025-10-02 16:27:33.006667113,L2,2025-10-02 16:49:33.673172613
HLT-07-CS000023,HLT-07,2025-10-02 15:46:31.658873557,CERT-In,2025-10-02 18:59:28.137997017
HLT-07-CS000025,HLT-07,2025-10-02 17:20:21.493094017,L2,2025-10-02 17:39:21.846776707
HLT-07-CS000025,HLT-07,2025-10-02 15:16:49.021350158,CERT-In,2025-10-02 18:37:13.964547381
HLT-07-CS000031,HLT-07,2025-10-03 13:22:21.989397870,CERT-In,2025-10-03 15:35:53.945047752
HLT-07-CS000031,HLT-07,2025-10-03 13:32:21.989397870,NCIIPC,
HLT-07-CS000040,HLT-07,2025-10-04 05:24:08.458213506,L2,2025-10-04 06:05:32.527566257
HLT-07-CS000052,HLT-07,2025-10-04 23:39:55.437435856,CISO,2025-10-05 00:37:31.973892521
HLT-07-CS000052,HLT-07,2025-10-04 18:02:04.295105869,CERT-In,2025-10-04 21:27:02.002541320
HLT-07-CS000052,HLT-07,2025-10-04 18:12:04.295105869,NCIIPC,
HLT-07-CS000054,HLT-07,2025-10-05 06:16:22.327845092,L2,2025-10-05 07:01:55.702041150
HLT-07-CS000054,HLT-07,2025-10-05 01:37:03.496536734,CERT-In,2025-10-05 04:28:40.918040896
HLT-07-CS000055,HLT-07,2025-10-05 02:24:45.424200838,L2,2025-10-05 03:02:32.975592950
HLT-07-CS000060,HLT-07,2025-10-05 19:18:42.325387494,CERT-In,2025-10-05 21:50:56.600540049
HLT-07-CS000062,HLT-07,2025-10-06 00:09:15.043615327,L2,2025-10-06 00:30:40.066272451
HLT-07-CS000062,HLT-07,2025-10-05 23:18:16.018470098,CERT-In,2025-10-05 23:53:06.669819785
HLT-07-CS000063,HLT-07,2025-10-06 09:56:57.305019969,L2,2025-10-06 10:07:31.920376801
HLT-07-CS000072,HLT-07,2025-10-07 20:02:04.379881650,L2,2025-10-07 20:32:27.899684352
HLT-07-CS000075,HLT-07,2025-10-07 21:16:53.094130262,L2,2025-10-07 21:44:19.749358954
HLT-07-CS000076,HLT-07,2025-10-08 00:19:26.598499674,CISO,2025-10-08 01:15:03.032138566
HLT-07-CS000076,HLT-07,2025-10-07 23:19:31.024794478,CERT-In,2025-10-08 02:00:57.735777698
HLT-07-CS000076,HLT-07,2025-10-07 23:29:31.024794478,NCIIPC,
HLT-07-CS000077,HLT-07,2025-10-08 01:49:14.974002216,CERT-In,2025-10-08 05:04:13.806640957
HLT-07-CS000078,HLT-07,2025-10-08 07:03:53.707594662,CISO,2025-10-08 07:55:29.549481361
HLT-07-CS000078,HLT-07,2025-10-08 09:58:21.289323316,CERT-In,2025-10-08 11:52:57.439414353
HLT-07-CS000078,HLT-07,2025-10-08 10:08:21.289323316,NCIIPC,
HLT-07-CS000080,HLT-07,2025-10-08 12:02:05.602204376,L2,2025-10-08 12:14:44.868154462
HLT-07-CS000080,HLT-07,2025-10-08 12:35:47.325469940,CERT-In,2025-10-08 15:21:49.001971302
HLT-07-CS000088,HLT-07,2025-10-08 15:51:16.996385730,L2,2025-10-08 16:22:32.877251779
HLT-07-CS000089,HLT-07,2025-10-08 20:02:05.433710312,CERT-In,2025-10-08 23:22:01.767227458
HLT-07-CS000089,HLT-07,2025-10-08 20:12:05.433710312,NCIIPC,
HLT-07-CS000093,HLT-07,2025-10-09 05:05:07.823087744,L2,2025-10-09 05:46:25.545777341
HLT-07-CS000093,HLT-07,2025-10-09 02:52:47.776342627,CERT-In,2025-10-09 04:13:29.139066436
HLT-07-CS000094,HLT-07,2025-10-09 03:28:23.599775500,L2,2025-10-09 04:26:57.080576537
HLT-07-CS000107,HLT-07,2025-10-10 03:44:38.850881014,L2,2025-10-10 04:11:48.433406920
HLT-07-CS000108,HLT-07,2025-10-10 07:20:44.845766462,L2,2025-10-10 07:27:00.777827026
HLT-07-CS000112,HLT-07,2025-10-10 11:52:38.013267437,L2,2025-10-10 12:09:45.825812519
HLT-07-CS000114,HLT-07,2025-10-10 18:43:58.420311502,L2,2025-10-10 19:14:12.274611745
HLT-07-CS000114,HLT-07,2025-10-10 18:59:13.162331800,CERT-In,2025-10-10 20:02:36.850717992
HLT-07-CS000115,HLT-07,2025-10-10 22:32:45.547919186,L2,2025-10-10 23:26:33.842590994
HLT-07-CS000117,HLT-07,2025-10-11 15:02:29.765537614,L2,2025-10-11 16:02:19.030943702
HLT-07-CS000119,HLT-07,2025-10-11 15:56:08.390450111,CERT-In,2025-10-11 19:00:59.542397160
HLT-07-CS000119,HLT-07,2025-10-11 16:06:08.390450111,NCIIPC,
HLT-07-CS000120,HLT-07,2025-10-11 16:06:19.824457722,L2,2025-10-11 16:20:25.361976096
HLT-07-CS000122,HLT-07,2025-10-12 03:13:35.918876848,L2,2025-10-12 03:53:50.799416503
HLT-07-CS000122,HLT-07,2025-10-11 23:40:29.041380640,CERT-In,2025-10-12 00:46:45.901404000
HLT-07-CS000125,HLT-07,2025-10-12 13:05:05.955427264,CERT-In,2025-10-12 15:13:19.354008486
HLT-07-CS000125,HLT-07,2025-10-12 13:15:05.955427264,NCIIPC,
HLT-07-CS000130,HLT-07,2025-10-13 02:40:44.162993190,L2,2025-10-13 03:25:30.033055425
HLT-07-CS000132,HLT-07,2025-10-13 09:49:41.405460506,L2,2025-10-13 10:48:47.718576503
HLT-07-CS000132,HLT-07,2025-10-13 11:50:31.701456282,CERT-In,2025-10-13 15:19:06.584317761
HLT-07-CS000133,HLT-07,2025-10-13 13:03:10.181037876,CISO,2025-10-13 13:54:30.268912865
HLT-07-CS000133,HLT-07,2025-10-13 11:28:43.497040723,CERT-In,2025-10-13 12:02:35.117514753
HLT-07-CS000133,HLT-07,2025-10-13 11:38:43.497040723,NCIIPC,
HLT-07-CS000135,HLT-07,2025-10-13 14:44:39.898872468,L2,2025-10-13 15:01:48.844793521
HLT-07-CS000142,HLT-07,2025-10-14 11:44:15.462193529,L2,2025-10-14 11:59:35.658696826
HLT-07-CS000153,HLT-07,2025-10-15 12:27:53.736512564,L2,2025-10-15 12:37:49.969443163
HLT-07-CS000155,HLT-07,2025-10-15 14:12:11.141806226,CERT-In,2025-10-15 15:36:41.279272176
HLT-07-CS000160,HLT-07,2025-10-15 16:31:52.146362943,L2,2025-10-15 16:48:18.905523084
HLT-07-CS000160,HLT-07,2025-10-15 17:06:30.960287928,CERT-In,2025-10-15 18:11:48.996604392
HLT-07-CS000163,HLT-07,2025-10-15 16:27:27.107451432,L2,2025-10-15 17:01:29.083965891
HLT-07-CS000167,HLT-07,2025-10-16 02:47:51.334602432,CERT-In,2025-10-16 06:38:00.552024454
HLT-07-CS000168,HLT-07,2025-10-16 01:48:17.873246318,CISO,2025-10-16 02:37:04.051952201
HLT-07-CS000168,HLT-07,2025-10-16 01:24:07.272891098,CERT-In,2025-10-16 04:46:50.181010703
HLT-07-CS000168,HLT-07,2025-10-16 01:34:07.272891098,NCIIPC,
HLT-07-CS000173,HLT-07,2025-10-16 12:36:11.967487024,L2,2025-10-16 12:56:13.323015710
HLT-07-CS000173,HLT-07,2025-10-16 12:34:07.211102213,CERT-In,2025-10-16 14:09:14.300457143
HLT-07-CS000176,HLT-07,2025-10-16 18:51:52.426084020,L2,2025-10-16 19:00:28.510590258
HLT-07-CS000176,HLT-07,2025-10-16 15:23:54.927151113,CERT-In,2025-10-16 18:36:45.237397725
HLT-07-CS000182,HLT-07,2025-10-16 23:57:03.283227548,L2,2025-10-17 00:31:03.818638815
HLT-07-CS000186,HLT-07,2025-10-17 10:45:05.844033545,L2,2025-10-17 11:31:36.734557119
HLT-07-CS000186,HLT-07,2025-10-17 14:44:46.743148060,CERT-In,2025-10-17 15:24:07.611808955
HLT-07-CS000193,HLT-07,2025-10-17 19:08:36.620432060,L2,2025-10-17 19:48:54.778217544
HLT-07-CS000194,HLT-07,2025-10-17 20:20:47.452666962,L2,2025-10-17 20:31:09.512615194
HLT-07-CS000199,HLT-07,2025-10-18 17:27:02.534340142,L2,2025-10-18 18:03:34.793695799
HLT-07-CS000200,HLT-07,2025-10-18 18:38:55.269612407,CISO,2025-10-18 19:04:37.302577209
HLT-07-CS000200,HLT-07,2025-10-18 16:43:44.848412505,CERT-In,2025-10-18 20:17:26.999214870
HLT-07-CS000200,HLT-07,2025-10-18 16:53:44.848412505,NCIIPC,
HLT-07-CS000202,HLT-07,2025-10-19 01:19:34.454912130,L2,2025-10-19 01:32:30.245848632
HLT-07-CS000205,HLT-07,2025-10-19 04:44:13.493020950,CISO,2025-10-19 05:37:02.707293831
HLT-07-CS000205,HLT-07,2025-10-19 02:36:10.775200244,CERT-In,2025-10-19 05:35:35.621003442
HLT-07-CS000205,HLT-07,2025-10-19 02:46:10.775200244,NCIIPC,
HLT-07-CS000212,HLT-07,2025-10-19 15:21:03.072605346,L2,2025-10-19 15:42:18.943695074
HLT-07-CS000212,HLT-07,2025-10-19 20:25:05.481399915,CERT-In,2025-10-19 22:53:59.473469459
HLT-07-CS000214,HLT-07,2025-10-19 21:22:16.933148095,CERT-In,2025-10-19 23:33:59.161573922
HLT-07-CS000214,HLT-07,2025-10-19 21:32:16.933148095,NCIIPC,
HLT-07-CS000225,HLT-07,2025-10-20 16:18:35.140866053,CISO,2025-10-20 16:41:16.663982241
HLT-07-CS000225,HLT-07,2025-10-20 15:36:29.647377340,CERT-In,2025-10-20 16:19:52.070783794
HLT-07-CS000225,HLT-07,2025-10-20 15:46:29.647377340,NCIIPC,
HLT-07-CS000229,HLT-07,2025-10-20 20:38:04.908191874,L2,2025-10-20 21:17:13.879874117
HLT-07-CS000231,HLT-07,2025-10-21 12:43:13.475290478,CISO,2025-10-21 12:52:45.884600624
HLT-07-CS000231,HLT-07,2025-10-21 12:01:25.051403755,CERT-In,2025-10-21 13:19:48.236634682
HLT-07-CS000231,HLT-07,2025-10-21 12:11:25.051403755,NCIIPC,
HLT-07-CS000232,HLT-07,2025-10-21 14:04:54.675148982,L2,2025-10-21 14:59:24.419755313
HLT-07-CS000240,HLT-07,2025-10-22 09:48:17.132967635,L2,2025-10-22 10:24:04.806183008
HLT-07-CS000242,HLT-07,2025-10-22 09:00:58.031289892,L2,2025-10-22 09:06:50.821509635
HLT-07-CS000242,HLT-07,2025-10-22 12:06:58.122318105,CERT-In,2025-10-22 15:00:44.825446448
HLT-07-CS000253,HLT-07,2025-10-22 18:43:10.170968824,L2,2025-10-22 19:09:54.678793573
HLT-07-CS000257,HLT-07,2025-10-23 03:50:13.954180242,CISO,2025-10-23 04:18:12.563132579
HLT-07-CS000257,HLT-07,2025-10-23 10:04:07.929332369,CERT-In,2025-10-23 11:16:12.888038759
HLT-07-CS000257,HLT-07,2025-10-23 10:14:07.929332369,NCIIPC,
HLT-07-CS000261,HLT-07,2025-10-23 21:15:49.059423510,L2,2025-10-23 22:07:14.941928427
HLT-07-CS000261,HLT-07,2025-10-23 17:48:19.926874550,CERT-In,2025-10-23 18:51:53.024702774
HLT-07-CS000265,HLT-07,2025-10-23 23:06:51.608839971,L2,2025-10-23 23:41:24.158995648
HLT-07-CS000273,HLT-07,2025-10-24 14:54:40.696800270,L2,2025-10-24 15:40:44.928021342
HLT-07-CS000273,HLT-07,2025-10-24 13:04:44.260736550,CERT-In,2025-10-24 16:52:12.863360071
HLT-07-CS000274,HLT-07,2025-10-24 14:49:22.274585376,CISO,2025-10-24 15:48:45.091322133
HLT-07-CS000274,HLT-07,2025-10-24 14:34:22.712882570,CERT-In,2025-10-24 18:12:29.810725466
HLT-07-CS000274,HLT-07,2025-10-24 14:44:22.712882570,NCIIPC,
HLT-07-CS000277,HLT-07,2025-10-24 16:27:59.548097819,CERT-In,2025-10-24 20:06:25.684704176
HLT-07-CS000277,HLT-07,2025-10-24 16:37:59.548097819,NCIIPC,
HLT-07-CS000278,HLT-07,2025-10-24 18:06:49.086044837,L2,2025-10-24 19:02:52.915762333
HLT-07-CS000291,HLT-07,2025-10-26 14:05:38.628622444,CERT-In,2025-10-26 18:03:15.772197616
HLT-07-CS000292,HLT-07,2025-10-26 13:06:09.514143774,L2,2025-10-26 13:26:11.592964471
HLT-07-CS000292,HLT-07,2025-10-26 13:25:39.131163552,CERT-In,2025-10-26 17:12:57.038819089
HLT-07-CS000297,HLT-07,2025-10-26 22:52:49.396956717,L2,2025-10-26 23:14:53.825237990
HLT-07-CS000298,HLT-07,2025-10-26 23:56:36.873823362,L2,2025-10-27 00:19:31.960980483
HLT-07-CS000299,HLT-07,2025-10-27 05:58:23.132831160,CISO,2025-10-27 06:56:53.535279052
HLT-07-CS000299,HLT-07,2025-10-27 06:56:22.276920127,CERT-In,2025-10-27 08:10:29.717341639
HLT-07-CS000299,HLT-07,2025-10-27 07:06:22.276920127,NCIIPC,
HLT-07-CS000300,HLT-07,2025-10-27 06:37:48.509770614,L2,2025-10-27 07:31:34.129932057
HLT-07-CS000304,HLT-07,2025-10-27 18:37:57.644501593,L2,2025-10-27 19:35:57.203798930
HLT-07-CS000304,HLT-07,2025-10-27 16:35:45.165681352,CERT-In,2025-10-27 18:30:57.455556031
HLT-07-CS000317,HLT-07,2025-10-28 17:56:55.160975880,L2,2025-10-28 18:29:00.648763791
HLT-07-CS000317,HLT-07,2025-10-28 17:31:36.164031447,CERT-In,2025-10-28 19:45:39.174735729
HLT-07-CS000322,HLT-07,2025-10-29 03:04:36.730837602,L2,2025-10-29 03:39:17.963710996
HLT-07-CS000322,HLT-07,2025-10-29 03:31:13.696772090,CERT-In,2025-10-29 07:21:03.835240094
HLT-07-CS000323,HLT-07,2025-10-29 01:51:25.936605826,CISO,2025-10-29 02:09:00.153530709
HLT-07-CS000323,HLT-07,2025-10-29 02:30:24.357313971,CERT-In,2025-10-29 04:17:43.887030391
HLT-07-CS000323,HLT-07,2025-10-29 02:40:24.357313971,NCIIPC,
HLT-07-CS000324,HLT-07,2025-10-29 04:30:32.081922220,CISO,2025-10-29 04:58:52.525878176
HLT-07-CS000324,HLT-07,2025-10-29 05:13:59.184314407,CERT-In,2025-10-29 09:10:24.795394966
HLT-07-CS000324,HLT-07,2025-10-29 05:23:59.184314407,NCIIPC,
HLT-07-CS000326,HLT-07,2025-10-29 05:02:04.917813088,L2,2025-10-29 05:55:35.568383970
HLT-07-CS000334,HLT-07,2025-10-29 16:57:08.008086214,L2,2025-10-29 17:06:23.784933468
HLT-07-CS000339,HLT-07,2025-10-30 09:42:40.922811831,L2,2025-10-30 10:39:33.743932411
HLT-07-CS000340,HLT-07,2025-10-30 11:01:17.991522833,L2,2025-10-30 11:08:55.692055946
HLT-07-CS000354,HLT-07,2025-10-31 13:30:54.997333120,L2,2025-10-31 13:38:23.205158238
HLT-07-CS000354,HLT-07,2025-10-31 13:06:08.789414758,CERT-In,2025-10-31 14:48:06.730826544
HLT-07-CS000355,HLT-07,2025-10-31 13:52:10.441216232,L2,2025-10-31 14:41:40.020767464
HLT-07-CS000355,HLT-07,2025-10-31 15:55:09.977353338,CERT-In,2025-10-31 17:53:56.407121685
HLT-07-CS000357,HLT-07,2025-10-31 17:04:59.805445912,L2,2025-10-31 17:15:01.455761843
HLT-07-CS000358,HLT-07,2025-10-31 20:27:55.997017895,L2,2025-10-31 20:42:03.190813385
HLT-07-CS000359,HLT-07,2025-10-31 16:51:31.231625524,CERT-In,2025-10-31 17:29:03.335507107
HLT-07-CS000359,HLT-07,2025-10-31 17:01:31.231625524,NCIIPC,
HLT-07-CS000362,HLT-07,2025-11-01 09:14:01.713929614,CERT-In,2025-11-01 10:29:28.088075921
HLT-07-CS000364,HLT-07,2025-11-01 12:30:38.468944135,L2,2025-11-01 12:48:50.100696519
HLT-07-CS000364,HLT-07,2025-11-01 13:03:50.031414688,CERT-In,2025-11-01 14:19:09.005025032
HLT-07-CS000365,HLT-07,2025-11-01 12:35:46.019824318,CISO,2025-11-01 13:06:22.779994345
HLT-07-CS000365,HLT-07,2025-11-01 12:09:38.907673396,CERT-In,2025-11-01 14:07:39.313399014
HLT-07-CS000365,HLT-07,2025-11-01 12:19:38.907673396,NCIIPC,
HLT-07-CS000367,HLT-07,2025-11-01 14:41:10.166232412,L2,2025-11-01 15:07:13.084379991
HLT-07-CS000370,HLT-07,2025-11-02 00:35:39.543360540,CISO,2025-11-02 01:05:08.266879104
HLT-07-CS000370,HLT-07,2025-11-02 00:39:13.864365914,CERT-In,2025-11-02 03:27:55.739321269
HLT-07-CS000370,HLT-07,2025-11-02 00:49:13.864365914,NCIIPC,
HLT-07-CS000373,HLT-07,2025-11-02 07:35:01.958582744,L2,2025-11-02 07:56:47.676199415
HLT-07-CS000380,HLT-07,2025-11-02 18:37:16.907792217,CISO,2025-11-02 18:57:59.225781251
HLT-07-CS000380,HLT-07,2025-11-02 22:16:43.005952668,CERT-In,2025-11-03 00:27:56.849020434
HLT-07-CS000380,HLT-07,2025-11-02 22:26:43.005952668,NCIIPC,
HLT-07-CS000381,HLT-07,2025-11-02 18:12:30.548183890,L2,2025-11-02 18:20:41.190079411
HLT-07-CS000402,HLT-07,2025-11-04 15:46:08.553394962,L2,2025-11-04 16:33:57.478085868
HLT-07-CS000402,HLT-07,2025-11-04 18:02:55.132777751,CERT-In,2025-11-04 21:11:53.952983719
HLT-07-CS000404,HLT-07,2025-11-04 19:20:12.667387382,L2,2025-11-04 20:17:11.742769033
HLT-07-CS000404,HLT-07,2025-11-04 20:55:18.996641324,CERT-In,2025-11-05 00:48:59.164365064
HLT-07-CS000412,HLT-07,2025-11-05 15:12:25.963096415,L2,2025-11-05 15:19:33.608188691
HLT-07-CS000412,HLT-07,2025-11-05 19:18:04.089019688,CERT-In,2025-11-05 22:56:10.372236261
HLT-07-CS000414,HLT-07,2025-11-05 21:29:02.232653698,CERT-In,2025-11-05 23:55:58.297473378
HLT-07-CS000414,HLT-07,2025-11-05 21:39:02.232653698,NCIIPC,
HLT-07-CS000423,HLT-07,2025-11-06 16:03:06.904036204,CISO,2025-11-06 16:26:32.453906160
HLT-07-CS000423,HLT-07,2025-11-06 20:42:33.898803788,CERT-In,2025-11-06 22:06:42.098257573
HLT-07-CS000423,HLT-07,2025-11-06 20:52:33.898803788,NCIIPC,
HLT-07-CS000424,HLT-07,2025-11-07 02:46:19.512714104,CERT-In,2025-11-07 03:19:10.012542937
HLT-07-CS000429,HLT-07,2025-11-07 00:11:34.891771426,L2,2025-11-07 01:05:13.938380483
HLT-07-CS000432,HLT-07,2025-11-07 13:24:49.506128429,CISO,2025-11-07 13:42:17.581534871
HLT-07-CS000432,HLT-07,2025-11-07 12:33:06.174861761,CERT-In,2025-11-07 13:36:53.900517835
HLT-07-CS000432,HLT-07,2025-11-07 12:43:06.174861761,NCIIPC,
HLT-07-CS000434,HLT-07,2025-11-07 11:45:54.219524002,L2,2025-11-07 11:57:20.254700883
HLT-07-CS000441,HLT-07,2025-11-07 20:13:47.949210978,L2,2025-11-07 20:36:58.362305344
HLT-07-CS000442,HLT-07,2025-11-07 18:59:56.978681553,CISO,2025-11-07 19:13:15.839991685
HLT-07-CS000442,HLT-07,2025-11-07 17:53:58.833087440,CERT-In,2025-11-07 20:53:49.033038758
HLT-07-CS000442,HLT-07,2025-11-07 18:03:58.833087440,NCIIPC,
HLT-07-CS000444,HLT-07,2025-11-07 20:42:52.407564354,L2,2025-11-07 20:57:32.430127881
HLT-07-CS000445,HLT-07,2025-11-07 22:37:35.428123782,CERT-In,2025-11-08 00:28:24.281178006
HLT-07-CS000446,HLT-07,2025-11-08 00:17:41.456102157,L2,2025-11-08 00:45:19.100849503
HLT-07-CS000450,HLT-07,2025-11-08 11:46:22.879330946,L2,2025-11-08 12:18:40.810990141
HLT-07-CS000457,HLT-07,2025-11-08 14:50:35.092887106,CISO,2025-11-08 15:15:18.820096323
HLT-07-CS000457,HLT-07,2025-11-08 15:29:48.188267346,CERT-In,2025-11-08 17:15:22.450696033
HLT-07-CS000457,HLT-07,2025-11-08 15:39:48.188267346,NCIIPC,
HLT-07-CS000465,HLT-07,2025-11-09 18:08:59.691857867,L2,2025-11-09 18:44:28.022755680
HLT-07-CS000465,HLT-07,2025-11-09 09:39:59.851562345,CERT-In,2025-11-09 10:20:41.968948603
HLT-07-CS000466,HLT-07,2025-11-09 13:11:40.858191384,CERT-In,2025-11-09 14:48:56.478781482
HLT-07-CS000468,HLT-07,2025-11-09 14:03:12.420054064,L2,2025-11-09 14:46:05.680487544
HLT-07-CS000468,HLT-07,2025-11-09 14:38:09.213056700,CERT-In,2025-11-09 15:48:46.179014189
HLT-07-CS000469,HLT-07,2025-11-09 14:54:35.094803552,L2,2025-11-09 15:22:23.534733569
HLT-07-CS000470,HLT-07,2025-11-09 15:59:48.711869510,L2,2025-11-09 16:10:25.029424778
HLT-07-CS000471,HLT-07,2025-11-09 17:36:21.267465875,L2,2025-11-09 18:04:41.881460773
HLT-07-CS000473,HLT-07,2025-11-09 22:23:03.593910156,CERT-In,2025-11-10 00:18:13.831865642
HLT-07-CS000474,HLT-07,2025-11-09 20:03:07.889606605,CISO,2025-11-09 20:44:15.896641499
HLT-07-CS000474,HLT-07,2025-11-09 18:43:20.167444725,CERT-In,2025-11-09 19:59:20.209973931
HLT-07-CS000474,HLT-07,2025-11-09 18:53:20.167444725,NCIIPC,
HLT-07-CS000478,HLT-07,2025-11-10 09:11:22.393209412,CISO,2025-11-10 10:10:04.336774896
HLT-07-CS000478,HLT-07,2025-11-10 09:26:03.338197074,CERT-In,2025-11-10 12:41:31.257886758
HLT-07-CS000478,HLT-07,2025-11-10 09:36:03.338197074,NCIIPC,
HLT-07-CS000479,HLT-07,2025-11-10 14:38:25.519862666,L2,2025-11-10 14:55:16.424273111
HLT-07-CS000479,HLT-07,2025-11-10 14:51:14.647751514,CERT-In,2025-11-10 17:44:32.490791444
HLT-07-CS000480,HLT-07,2025-11-10 14:29:52.525667036,CISO,2025-11-10 15:16:47.630367078
HLT-07-CS000480,HLT-07,2025-11-10 18:33:30.532304699,CERT-In,2025-11-10 19:41:14.363228456
HLT-07-CS000480,HLT-07,2025-11-10 18:43:30.532304699,NCIIPC,
HLT-07-CS000481,HLT-07,2025-11-10 15:15:39.506593480,CISO,2025-11-10 15:36:05.170612835
HLT-07-CS000481,HLT-07,2025-11-10 15:43:15.715420082,CERT-In,2025-11-10 16:16:01.663534720
HLT-07-CS000481,HLT-07,2025-11-10 15:53:15.715420082,NCIIPC,
HLT-07-CS000487,HLT-07,2025-11-10 18:26:36.529380508,CISO,2025-11-10 19:08:27.747786654
HLT-07-CS000487,HLT-07,2025-11-10 19:22:35.358577625,CERT-In,2025-11-10 20:58:40.796286773
HLT-07-CS000487,HLT-07,2025-11-10 19:32:35.358577625,NCIIPC,
HLT-07-CS000492,HLT-07,2025-11-11 10:58:02.745423116,CISO,2025-11-11 11:04:42.867978656
HLT-07-CS000492,HLT-07,2025-11-11 11:40:48.263761259,CERT-In,2025-11-11 14:12:22.392429873
HLT-07-CS000492,HLT-07,2025-11-11 11:50:48.263761259,NCIIPC,
HLT-07-CS000494,HLT-07,2025-11-11 13:46:08.331301548,L2,2025-11-11 14:11:14.769948921
HLT-07-CS000499,HLT-07,2025-11-11 19:47:03.562369992,CISO,2025-11-11 20:22:46.292771478
HLT-07-CS000499,HLT-07,2025-11-11 18:27:46.194725663,CERT-In,2025-11-11 19:32:02.618275055
HLT-07-CS000499,HLT-07,2025-11-11 18:37:46.194725663,NCIIPC,
HLT-07-CS000501,HLT-07,2025-11-11 18:46:37.980441528,CISO,2025-11-11 19:44:39.128550966
HLT-07-CS000504,HLT-07,2025-11-12 07:51:10.879879184,L2,2025-11-12 08:24:31.858832680
HLT-07-CS000508,HLT-07,2025-11-12 11:44:15.412382034,L2,2025-11-12 12:10:13.159201534
HLT-07-CS000516,HLT-07,2025-11-13 01:27:36.976170119,L2,2025-11-13 01:59:28.570801971
HLT-07-CS000517,HLT-07,2025-11-13 00:31:05.125248294,L2,2025-11-13 00:57:06.552529537
HLT-07-CS000523,HLT-07,2025-11-13 11:45:18.889793940,L2,2025-11-13 12:35:45.718191517
HLT-07-CS000538,HLT-07,2025-11-14 17:54:11.712376490,L2,2025-11-14 18:27:23.929853898
HLT-07-CS000540,HLT-07,2025-11-15 12:20:34.714264973,L2,2025-11-15 13:02:23.860370702
HLT-07-CS000546,HLT-07,2025-11-15 15:28:26.235279284,L2,2025-11-15 16:27:54.145460656
HLT-07-CS000548,HLT-07,2025-11-15 18:13:35.325791548,L2,2025-11-15 18:30:26.279748184
HLT-07-CS000548,HLT-07,2025-11-15 21:37:28.484491929,CERT-In,2025-11-15 22:57:33.109719180
HLT-07-CS000549,HLT-07,2025-11-15 17:27:48.378986466,L2,2025-11-15 18:26:45.617643683
HLT-07-CS000555,HLT-07,2025-11-16 07:05:37.835726115,CISO,2025-11-16 07:14:13.619260434
HLT-07-CS000555,HLT-07,2025-11-16 00:43:15.299586212,CERT-In,2025-11-16 03:19:18.488547271
HLT-07-CS000555,HLT-07,2025-11-16 00:53:15.299586212,NCIIPC,
HLT-07-CS000557,HLT-07,2025-11-16 07:28:06.477065560,CISO,2025-11-16 07:45:49.724732999
HLT-07-CS000557,HLT-07,2025-11-16 08:13:06.895571144,CERT-In,2025-11-16 10:02:27.607770144
HLT-07-CS000557,HLT-07,2025-11-16 08:23:06.895571144,NCIIPC,
HLT-07-CS000560,HLT-07,2025-11-16 19:03:40.998398570,CISO,2025-11-16 19:27:00.759071973
HLT-07-CS000560,HLT-07,2025-11-16 18:15:18.333538793,CERT-In,2025-11-16 19:20:01.910022795
HLT-07-CS000560,HLT-07,2025-11-16 18:25:18.333538793,NCIIPC,
HLT-07-CS000561,HLT-07,2025-11-16 17:17:28.301184356,L2,2025-11-16 17:52:19.778675057
HLT-07-CS000574,HLT-07,2025-11-17 21:08:28.617447640,L2,2025-11-17 21:42:41.520564534
HLT-07-CS000574,HLT-07,2025-11-17 19:40:58.197887335,CERT-In,2025-11-17 22:29:31.394127320
HLT-07-CS000576,HLT-07,2025-11-17 18:48:39.001781482,L2,2025-11-17 19:02:05.155865872
HLT-07-CS000577,HLT-07,2025-11-17 18:19:23.138555586,L2,2025-11-17 18:34:44.859030769
HLT-07-CS000578,HLT-07,2025-11-17 19:32:32.729758127,L2,2025-11-17 20:32:00.656723234
HLT-07-CS000581,HLT-07,2025-11-18 06:24:17.800363670,L2,2025-11-18 07:09:31.445148271
HLT-07-CS000584,HLT-07,2025-11-18 12:27:58.582458109,L2,2025-11-18 13:07:02.850968283
HLT-07-CS000586,HLT-07,2025-11-18 18:16:59.224599796,L2,2025-11-18 18:34:21.005660994
HLT-07-CS000589,HLT-07,2025-11-18 22:55:04.845994444,L2,2025-11-18 23:39:01.339018065
HLT-07-CS000590,HLT-07,2025-11-19 12:20:48.077041021,L2,2025-11-19 13:17:59.336764519
HLT-07-CS000593,HLT-07,2025-11-20 03:26:50.272835220,L2,2025-11-20 04:08:39.587957811
HLT-07-CS000596,HLT-07,2025-11-20 12:10:17.304037754,L2,2025-11-20 12:27:41.995750945
HLT-07-CS000601,HLT-07,2025-11-20 15:05:31.942008364,L2,2025-11-20 15:44:42.750615065
HLT-07-CS000604,HLT-07,2025-11-20 19:23:35.431034220,L2,2025-11-20 19:38:02.131719923
HLT-07-CS000605,HLT-07,2025-11-20 19:25:33.205329980,L2,2025-11-20 19:42:47.213778472
HLT-07-CS000605,HLT-07,2025-11-20 20:38:40.437584811,CERT-In,2025-11-20 23:45:41.276471386
HLT-07-CS000607,HLT-07,2025-11-21 01:10:35.052520288,L2,2025-11-21 01:22:59.272700884
HLT-07-CS000610,HLT-07,2025-11-21 14:55:06.099106658,L2,2025-11-21 15:48:31.656408938
HLT-07-CS000616,HLT-07,2025-11-21 17:09:14.798213906,CERT-In,2025-11-21 19:44:58.732311497
HLT-07-CS000616,HLT-07,2025-11-21 17:19:14.798213906,NCIIPC,
HLT-07-CS000621,HLT-07,2025-11-21 20:38:03.083010272,CISO,2025-11-21 21:28:47.647930235
HLT-07-CS000624,HLT-07,2025-11-22 03:03:00.331786135,L2,2025-11-22 03:44:29.573149040
HLT-07-CS000624,HLT-07,2025-11-22 15:22:40.148660261,CERT-In,2025-11-22 16:25:43.583657274
HLT-07-CS000626,HLT-07,2025-11-22 10:16:36.449232451,L2,2025-11-22 10:32:40.584936333
HLT-07-CS000632,HLT-07,2025-11-22 21:24:24.758560763,CISO,2025-11-22 22:23:58.592641708
HLT-07-CS000632,HLT-07,2025-11-22 18:00:24.563058373,CERT-In,2025-11-22 19:02:51.012178371
HLT-07-CS000632,HLT-07,2025-11-22 18:10:24.563058373,NCIIPC,
HLT-07-CS000635,HLT-07,2025-11-22 20:32:56.315167108,CISO,2025-11-22 21:10:53.823123810
HLT-07-CS000635,HLT-07,2025-11-22 20:06:45.248442594,CERT-In,2025-11-22 20:49:51.028211415
HLT-07-CS000635,HLT-07,2025-11-22 20:16:45.248442594,NCIIPC,
HLT-07-CS000639,HLT-07,2025-11-23 11:13:01.988847788,L2,2025-11-23 11:26:00.305949238
HLT-07-CS000644,HLT-07,2025-11-23 12:46:54.658605062,CERT-In,2025-11-23 15:20:59.156859323
HLT-07-CS000644,HLT-07,2025-11-23 12:56:54.658605062,NCIIPC,
HLT-07-CS000645,HLT-07,2025-11-23 14:37:11.029942718,CISO,2025-11-23 15:10:54.865075038
HLT-07-CS000645,HLT-07,2025-11-23 21:37:34.098660924,CERT-In,2025-11-23 22:54:05.236604353
HLT-07-CS000645,HLT-07,2025-11-23 21:47:34.098660924,NCIIPC,
HLT-07-CS000649,HLT-07,2025-11-23 20:23:37.533223899,CERT-In,2025-11-23 22:35:13.281904394
HLT-07-CS000651,HLT-07,2025-11-23 21:32:49.636967470,CISO,2025-11-23 21:58:20.100658531
HLT-07-CS000651,HLT-07,2025-11-23 22:23:53.681769363,CERT-In,2025-11-24 00:34:03.649256495
HLT-07-CS000651,HLT-07,2025-11-23 22:33:53.681769363,NCIIPC,
HLT-07-CS000652,HLT-07,2025-11-24 00:38:34.115869642,CISO,2025-11-24 00:48:57.785015167
HLT-07-CS000652,HLT-07,2025-11-23 22:23:29.814071517,CERT-In,2025-11-23 23:09:28.390224983
HLT-07-CS000652,HLT-07,2025-11-23 22:33:29.814071517,NCIIPC,
HLT-07-CS000656,HLT-07,2025-11-24 15:43:04.590550077,L2,2025-11-24 16:30:08.686751019
HLT-07-CS000656,HLT-07,2025-11-24 15:20:34.082844273,CERT-In,2025-11-24 16:54:48.126088184
HLT-07-CS000658,HLT-07,2025-11-24 17:31:58.682957918,L2,2025-11-24 18:07:34.629045747
HLT-07-CS000658,HLT-07,2025-11-24 17:30:06.455116344,CERT-In,2025-11-24 20:42:01.028404034
HLT-07-CS000666,HLT-07,2025-11-25 15:53:16.774824804,CISO,2025-11-25 16:37:26.084605316
HLT-07-CS000666,HLT-07,2025-11-25 20:16:36.852709008,CERT-In,2025-11-25 21:30:08.123792200
HLT-07-CS000666,HLT-07,2025-11-25 20:26:36.852709008,NCIIPC,
HLT-07-CS000669,HLT-07,2025-11-25 20:43:50.209897462,L2,2025-11-25 21:38:43.564244607
HLT-07-CS000670,HLT-07,2025-11-26 01:45:29.393615369,CISO,2025-11-26 01:50:37.126722148
HLT-07-CS000675,HLT-07,2025-11-26 12:56:07.073905998,L2,2025-11-26 13:48:11.274419614
HLT-07-CS000679,HLT-07,2025-11-26 16:36:30.907321776,L2,2025-11-26 16:59:03.770394550
HLT-07-CS000679,HLT-07,2025-11-26 13:35:33.714535137,CERT-In,2025-11-26 15:23:59.904702162
HLT-07-CS000681,HLT-07,2025-11-26 16:52:38.433112878,CISO,2025-11-26 17:51:50.403680770
HLT-07-CS000681,HLT-07,2025-11-26 17:05:33.379192293,CERT-In,2025-11-26 20:59:57.642708091
HLT-07-CS000681,HLT-07,2025-11-26 17:15:33.379192293,NCIIPC,
HLT-07-CS000682,HLT-07,2025-11-26 15:02:57.487785872,L2,2025-11-26 15:17:09.758517605
HLT-07-CS000682,HLT-07,2025-11-26 17:16:57.345155003,CERT-In,2025-11-26 19:37:32.171299682
HLT-07-CS000700,HLT-07,2025-11-27 19:27:07.639835424,L2,2025-11-27 19:47:07.560062018
HLT-07-CS000700,HLT-07,2025-11-28 01:04:54.111818943,CERT-In,2025-11-28 04:31:29.851722659
HLT-07-CS000701,HLT-07,2025-11-27 18:40:40.902973591,CERT-In,2025-11-27 21:36:45.267493253
HLT-07-CS000702,HLT-07,2025-11-27 17:42:51.144010502,L2,2025-11-27 17:51:14.981744080
HLT-07-CS000707,HLT-07,2025-11-28 06:18:33.860282252,L2,2025-11-28 06:39:03.284620145
HLT-07-CS000707,HLT-07,2025-11-28 06:58:04.548608164,CERT-In,2025-11-28 07:29:39.470586714
HLT-07-CS000712,HLT-07,2025-11-28 13:14:50.059536354,L2,2025-11-28 13:55:09.056119930
HLT-07-CS000714,HLT-07,2025-11-28 15:28:58.257895334,CISO,2025-11-28 15:56:36.119300045
HLT-07-CS000714,HLT-07,2025-11-28 15:24:51.102654534,CERT-In,2025-11-28 16:48:43.670852849
HLT-07-CS000714,HLT-07,2025-11-28 15:34:51.102654534,NCIIPC,
HLT-07-CS000715,HLT-07,2025-11-28 16:17:49.923561834,L2,2025-11-28 17:02:35.503386397
HLT-07-CS000715,HLT-07,2025-11-28 16:03:56.319884280,CERT-In,2025-11-28 18:56:35.281553695
HLT-07-CS000716,HLT-07,2025-11-28 16:05:13.662398930,CISO,2025-11-28 16:27:03.485407301
HLT-07-CS000716,HLT-07,2025-11-28 21:02:19.699689142,CERT-In,2025-11-28 23:29:44.898722023
HLT-07-CS000716,HLT-07,2025-11-28 21:12:19.699689142,NCIIPC,
HLT-07-CS000725,HLT-07,2025-11-29 19:23:33.462571563,L2,2025-11-29 19:47:08.046128230
HLT-07-CS000725,HLT-07,2025-11-29 17:00:34.636338613,CERT-In,2025-11-29 19:39:25.734703322
HLT-07-CS000727,HLT-07,2025-11-29 22:06:21.155132620,L2,2025-11-29 22:18:58.016132780
HLT-07-CS000727,HLT-07,2025-11-29 19:22:06.284105509,CERT-In,2025-11-29 20:16:16.714361777
HLT-07-CS000729,HLT-07,2025-11-30 14:42:50.711162375,L2,2025-11-30 15:23:55.385341764
HLT-07-CS000734,HLT-07,2025-12-01 01:13:34.344339607,L2,2025-12-01 01:20:58.164803955
HLT-07-CS000735,HLT-07,2025-11-30 17:59:52.999922159,L2,2025-11-30 18:29:08.450276820
HLT-07-CS000735,HLT-07,2025-11-30 18:52:07.277378336,CERT-In,2025-11-30 22:23:57.024180375
HLT-07-CS000739,HLT-07,2025-11-30 20:30:29.156965684,L2,2025-11-30 21:00:27.368667545
HLT-07-CS000742,HLT-07,2025-12-01 08:14:06.547667510,CISO,2025-12-01 08:23:12.367541127
HLT-07-CS000742,HLT-07,2025-12-01 09:48:22.920756993,CERT-In,2025-12-01 12:56:49.167826764
HLT-07-CS000742,HLT-07,2025-12-01 09:58:22.920756993,NCIIPC,
HLT-07-CS000744,HLT-07,2025-12-01 13:45:02.401343760,L2,2025-12-01 14:20:17.454615326
HLT-07-CS000746,HLT-07,2025-12-01 15:20:23.837431516,L2,2025-12-01 15:48:56.251889538
HLT-07-CS000746,HLT-07,2025-12-01 17:02:40.607379922,CERT-In,2025-12-01 20:53:34.310619185
HLT-07-CS000747,HLT-07,2025-12-02 02:51:45.899510231,L2,2025-12-02 03:50:53.105027240
HLT-07-CS000749,HLT-07,2025-12-01 19:20:48.201821872,L2,2025-12-01 19:30:03.794299789
HLT-07-CS000751,HLT-07,2025-12-01 16:57:09.960049218,L2,2025-12-01 17:42:40.311555091
HLT-07-CS000759,HLT-07,2025-12-02 14:32:56.760717795,CERT-In,2025-12-02 15:56:01.124760030
HLT-07-CS000759,HLT-07,2025-12-02 14:42:56.760717795,NCIIPC,
HLT-07-CS000768,HLT-07,2025-12-03 10:07:30.592676153,L2,2025-12-03 10:35:28.388019846
HLT-07-CS000769,HLT-07,2025-12-03 11:37:15.951750834,L2,2025-12-03 12:13:48.859989206
HLT-07-CS000789,HLT-07,2025-12-05 19:12:59.070618227,CERT-In,2025-12-05 21:55:55.384138373
HLT-07-CS000791,HLT-07,2025-12-05 19:17:38.866087473,L2,2025-12-05 19:34:36.266892631
HLT-07-CS000791,HLT-07,2025-12-05 17:47:13.636717984,CERT-In,2025-12-05 21:39:02.668635439
HLT-07-CS000792,HLT-07,2025-12-05 20:03:15.991870824,L2,2025-12-05 20:33:08.458708414
HLT-07-CS000792,HLT-07,2025-12-05 19:35:03.310325969,CERT-In,2025-12-05 20:37:17.726679572
HLT-07-CS000795,HLT-07,2025-12-06 13:10:59.052258650,L2,2025-12-06 13:33:56.763165807
HLT-07-CS000804,HLT-07,2025-12-06 20:16:07.337373565,CERT-In,2025-12-06 21:18:44.983632681
HLT-07-CS000804,HLT-07,2025-12-06 20:26:07.337373565,NCIIPC,
HLT-07-CS000808,HLT-07,2025-12-07 06:54:46.442389582,L2,2025-12-07 07:03:22.165216525
HLT-07-CS000808,HLT-07,2025-12-07 10:55:50.829744560,CERT-In,2025-12-07 13:27:43.282827338
HLT-07-CS000812,HLT-07,2025-12-07 13:43:11.494737976,L2,2025-12-07 13:57:21.281442648
HLT-07-CS000814,HLT-07,2025-12-07 15:15:14.810299823,CERT-In,2025-12-07 18:38:59.293932460
HLT-07-CS000827,HLT-07,2025-12-08 16:08:24.044330592,CISO,2025-12-08 16:13:42.603681403
HLT-07-CS000831,HLT-07,2025-12-09 10:10:06.386708412,CISO,2025-12-09 10:36:56.380488367
HLT-07-CS000831,HLT-07,2025-12-09 13:01:35.938631397,CERT-In,2025-12-09 14:00:01.757989472
HLT-07-CS000831,HLT-07,2025-12-09 13:11:35.938631397,NCIIPC,
HLT-07-CS000837,HLT-07,2025-12-10 05:56:32.651208973,L2,2025-12-10 06:17:01.645758239
HLT-07-CS000837,HLT-07,2025-12-10 04:11:19.717527327,CERT-In,2025-12-10 08:01:01.949094469
HLT-07-CS000839,HLT-07,2025-12-10 09:52:34.880255846,L2,2025-12-10 10:14:24.183387155
HLT-07-CS000840,HLT-07,2025-12-10 15:27:29.235458076,L2,2025-12-10 16:01:32.456375161
HLT-07-CS000842,HLT-07,2025-12-10 21:35:41.791397060,CERT-In,2025-12-10 22:09:12.420381779
HLT-07-CS000846,HLT-07,2025-12-11 10:05:42.248932130,CISO,2025-12-11 10:17:22.398059179
HLT-07-CS000846,HLT-07,2025-12-11 10:53:53.088969937,CERT-In,2025-12-11 13:15:44.524000997
HLT-07-CS000846,HLT-07,2025-12-11 11:03:53.088969937,NCIIPC,
HLT-07-CS000847,HLT-07,2025-12-11 11:44:11.053540216,L2,2025-12-11 11:57:04.671798295
HLT-07-CS000847,HLT-07,2025-12-11 13:24:13.079813379,CERT-In,2025-12-11 14:20:01.581601498
HLT-07-CS000849,HLT-07,2025-12-11 15:29:14.320785907,L2,2025-12-11 15:43:08.386123411
HLT-07-CS000857,HLT-07,2025-12-12 15:36:09.353175580,L2,2025-12-12 16:18:28.781706390
HLT-07-CS000857,HLT-07,2025-12-12 14:18:28.719558023,CERT-In,2025-12-12 15:44:57.687791131
HLT-07-CS000861,HLT-07,2025-12-12 17:31:09.180389886,L2,2025-12-12 18:12:51.976244352
HLT-07-CS000871,HLT-07,2025-12-13 17:11:10.971917072,L2,2025-12-13 17:54:08.845224915
HLT-07-CS000872,HLT-07,2025-12-13 20:59:40.741716980,L2,2025-12-13 21:05:25.926760813
HLT-07-CS000872,HLT-07,2025-12-13 17:05:35.058961103,CERT-In,2025-12-13 20:33:27.540916689
HLT-07-CS000875,HLT-07,2025-12-13 16:21:21.331285819,L2,2025-12-13 17:11:44.369521539
HLT-07-CS000881,HLT-07,2025-12-14 14:36:06.434604188,L2,2025-12-14 15:15:12.946800331
HLT-07-CS000881,HLT-07,2025-12-14 13:50:12.344449931,CERT-In,2025-12-14 16:52:55.025752155
HLT-07-CS000882,HLT-07,2025-12-14 11:30:50.399453036,L2,2025-12-14 11:54:16.153337590
HLT-07-CS000886,HLT-07,2025-12-14 16:19:55.312395012,L2,2025-12-14 16:33:31.721595547
HLT-07-CS000886,HLT-07,2025-12-14 14:35:19.389693729,CERT-In,2025-12-14 18:00:03.914920798
HLT-07-CS000890,HLT-07,2025-12-14 21:32:11.362714932,L2,2025-12-14 21:40:18.858640622
HLT-07-CS000895,HLT-07,2025-12-15 12:16:58.254580679,L2,2025-12-15 13:02:59.830705008
HLT-07-CS000897,HLT-07,2025-12-16 02:06:44.814766321,CISO,2025-12-16 02:32:43.077057273
HLT-07-CS000897,HLT-07,2025-12-16 02:31:22.756628144,CERT-In,2025-12-16 03:16:43.017558958
HLT-07-CS000897,HLT-07,2025-12-16 02:41:22.756628144,NCIIPC,
HLT-07-CS000899,HLT-07,2025-12-16 06:59:15.977400965,L2,2025-12-16 07:26:22.346982165
HLT-07-CS000901,HLT-07,2025-12-16 12:54:12.912139754,CERT-In,2025-12-16 14:40:55.900697085
HLT-07-CS000901,HLT-07,2025-12-16 13:04:12.912139754,NCIIPC,
HLT-07-CS000905,HLT-07,2025-12-17 02:01:56.150551588,CISO,2025-12-17 02:19:27.918578369
HLT-07-CS000905,HLT-07,2025-12-16 18:31:41.089633027,CERT-In,2025-12-16 21:22:37.778717470
HLT-07-CS000905,HLT-07,2025-12-16 18:41:41.089633027,NCIIPC,
HLT-07-CS000906,HLT-07,2025-12-17 01:44:43.617460460,CERT-In,2025-12-17 03:41:34.114084146
HLT-07-CS000910,HLT-07,2025-12-17 04:36:21.992890430,L2,2025-12-17 05:32:16.608290001
HLT-07-CS000910,HLT-07,2025-12-17 06:54:50.701930881,CERT-In,2025-12-17 08:06:46.722719782
HLT-07-CS000911,HLT-07,2025-12-17 08:18:44.006331988,L2,2025-12-17 08:34:19.561749003
HLT-07-CS000919,HLT-07,2025-12-18 05:35:15.321835531,CERT-In,2025-12-18 09:30:59.538672500
HLT-07-CS000921,HLT-07,2025-12-18 13:15:20.024164933,L2,2025-12-18 13:53:48.587360979
HLT-07-CS000922,HLT-07,2025-12-18 19:09:07.261360361,CISO,2025-12-18 20:06:53.794387969
HLT-07-CS000922,HLT-07,2025-12-18 12:35:07.449862669,CERT-In,2025-12-18 16:29:34.040754920
HLT-07-CS000922,HLT-07,2025-12-18 12:45:07.449862669,NCIIPC,
HLT-07-CS000928,HLT-07,2025-12-19 12:33:27.166377453,L2,2025-12-19 13:09:47.676392933
HLT-07-CS000930,HLT-07,2025-12-19 13:24:05.349349610,L2,2025-12-19 13:32:10.524542672
HLT-07-CS000933,HLT-07,2025-12-19 14:15:06.218678562,L2,2025-12-19 15:06:17.208293317
HLT-07-CS000940,HLT-07,2025-12-20 01:16:54.344703254,L2,2025-12-20 01:51:30.549780748
HLT-07-CS000946,HLT-07,2025-12-20 13:05:29.501125769,L2,2025-12-20 13:27:06.016919709
HLT-07-CS000946,HLT-07,2025-12-20 14:24:44.216692135,CERT-In,2025-12-20 17:39:30.305800550
HLT-07-CS000961,HLT-07,2025-12-21 05:38:51.405510228,CISO,2025-12-21 06:04:47.329071674
HLT-07-CS000961,HLT-07,2025-12-21 06:23:34.680366083,CERT-In,2025-12-21 09:19:28.180387294
HLT-07-CS000961,HLT-07,2025-12-21 06:33:34.680366083,NCIIPC,
HLT-07-CS000966,HLT-07,2025-12-21 14:20:59.851815054,L2,2025-12-21 14:54:28.204872771
HLT-07-CS000968,HLT-07,2025-12-21 19:52:34.303288226,L2,2025-12-21 20:02:21.236245614
HLT-07-CS000968,HLT-07,2025-12-21 20:31:53.423894530,CERT-In,2025-12-21 23:40:30.822008212
HLT-07-CS000972,HLT-07,2025-12-22 07:49:04.218918308,CISO,2025-12-22 08:33:12.038374173
HLT-07-CS000972,HLT-07,2025-12-22 05:41:27.689224810,CERT-In,2025-12-22 06:12:21.918956304
HLT-07-CS000972,HLT-07,2025-12-22 05:51:27.689224810,NCIIPC,
HLT-07-CS000974,HLT-07,2025-12-22 11:28:35.258839497,L2,2025-12-22 12:18:24.762514704
HLT-07-CS000974,HLT-07,2025-12-22 11:34:25.239488265,CERT-In,2025-12-22 12:32:13.119277223
HLT-07-CS000975,HLT-07,2025-12-22 11:14:46.735604332,CERT-In,2025-12-22 13:04:55.392700227
HLT-07-CS000976,HLT-07,2025-12-22 15:01:18.595695323,L2,2025-12-22 15:51:47.637190663
HLT-07-CS000976,HLT-07,2025-12-22 12:31:22.324618120,CERT-In,2025-12-22 13:42:22.547747486
HLT-07-CS000979,HLT-07,2025-12-22 14:29:45.070047948,L2,2025-12-22 15:27:41.778948699
HLT-07-CS000988,HLT-07,2025-12-22 18:54:35.382134737,L2,2025-12-22 19:40:13.411029907
HLT-07-CS000988,HLT-07,2025-12-22 19:38:19.720349018,CERT-In,2025-12-22 22:07:28.036643731
HLT-07-CS000993,HLT-07,2025-12-23 02:37:05.582111135,L2,2025-12-23 03:33:39.224962842
HLT-07-CS000995,HLT-07,2025-12-23 13:29:14.802816555,L2,2025-12-23 14:28:52.544959233
HLT-07-CS000999,HLT-07,2025-12-23 13:01:52.510767604,L2,2025-12-23 13:28:03.546465946
HLT-07-CS000999,HLT-07,2025-12-23 14:31:40.798228466,CERT-In,2025-12-23 16:02:32.528405468
HLT-07-CS001000,HLT-07,2025-12-23 14:32:20.597528062,L2,2025-12-23 14:48:04.910369400
HLT-07-CS001002,HLT-07,2025-12-23 16:07:32.742181540,CISO,2025-12-23 16:55:26.331581242
HLT-07-CS001002,HLT-07,2025-12-23 19:58:34.026283948,CERT-In,2025-12-23 22:48:54.173657877
HLT-07-CS001002,HLT-07,2025-12-23 20:08:34.026283948,NCIIPC,
HLT-07-CS001005,HLT-07,2025-12-24 07:29:30.782357086,L2,2025-12-24 08:18:07.805613392
HLT-07-CS001005,HLT-07,2025-12-24 06:33:25.071755118,CERT-In,2025-12-24 08:21:19.985045105
HLT-07-CS001007,HLT-07,2025-12-24 15:19:08.857115261,CISO,2025-12-24 15:26:15.638078517
HLT-07-CS001007,HLT-07,2025-12-24 16:35:10.225245093,CERT-In,2025-12-24 20:00:38.598857129
HLT-07-CS001007,HLT-07,2025-12-24 16:45:10.225245093,NCIIPC,
HLT-07-CS001010,HLT-07,2025-12-25 00:15:38.268113597,CISO,2025-12-25 00:28:52.914119789
HLT-07-CS001010,HLT-07,2025-12-25 00:56:31.464707473,CERT-In,2025-12-25 02:27:45.373416876
HLT-07-CS001010,HLT-07,2025-12-25 01:06:31.464707473,NCIIPC,
HLT-07-CS001012,HLT-07,2025-12-25 13:06:16.065969892,L2,2025-12-25 13:37:24.847342755
HLT-07-CS001014,HLT-07,2025-12-25 11:37:55.364711724,CISO,2025-12-25 11:47:46.531982087
HLT-07-CS001014,HLT-07,2025-12-25 15:52:59.437720896,CERT-In,2025-12-25 19:32:52.599654835
HLT-07-CS001014,HLT-07,2025-12-25 16:02:59.437720896,NCIIPC,
HLT-07-CS001018,HLT-07,2025-12-25 14:00:07.259445630,L2,2025-12-25 14:29:07.316267161
HLT-07-CS001026,HLT-07,2025-12-26 10:05:39.201266236,L2,2025-12-26 10:15:58.992508151
HLT-07-CS001036,HLT-07,2025-12-26 21:46:10.467941382,L2,2025-12-26 22:20:22.121315494
HLT-07-CS001036,HLT-07,2025-12-26 22:50:43.113149332,CERT-In,2025-12-27 02:46:08.459872849
HLT-07-CS001038,HLT-07,2025-12-27 00:52:16.318701536,L2,2025-12-27 01:39:55.386718350
HLT-07-CS001046,HLT-07,2025-12-27 15:39:49.320301242,CISO,2025-12-27 16:35:54.021104237
HLT-07-CS001046,HLT-07,2025-12-27 13:41:26.091226376,CERT-In,2025-12-27 15:42:40.536865000
HLT-07-CS001046,HLT-07,2025-12-27 13:51:26.091226376,NCIIPC,
HLT-07-CS001051,HLT-07,2025-12-27 22:36:50.464605902,CERT-In,2025-12-28 02:08:50.347127697
HLT-07-CS001051,HLT-07,2025-12-27 22:46:50.464605902,NCIIPC,
HLT-07-CS001053,HLT-07,2025-12-28 06:12:18.432653388,CISO,2025-12-28 06:37:15.335455364
HLT-07-CS001053,HLT-07,2025-12-28 05:55:06.068611380,CERT-In,2025-12-28 06:25:12.759068835
HLT-07-CS001053,HLT-07,2025-12-28 06:05:06.068611380,NCIIPC,
HLT-07-CS001056,HLT-07,2025-12-28 11:19:39.922860793,CERT-In,2025-12-28 13:01:33.087093993
HLT-07-CS001058,HLT-07,2025-12-28 13:15:32.812326626,L2,2025-12-28 13:46:25.797113463
HLT-07-CS001061,HLT-07,2025-12-28 15:57:26.224730228,CISO,2025-12-28 16:34:23.553500758
HLT-07-CS001061,HLT-07,2025-12-28 16:15:03.411688622,CERT-In,2025-12-28 19:06:58.333589499
HLT-07-CS001061,HLT-07,2025-12-28 16:25:03.411688622,NCIIPC,
HLT-07-CS001065,HLT-07,2025-12-28 20:16:24.409058888,L2,2025-12-28 20:21:42.361833923
HLT-07-CS001068,HLT-07,2025-12-29 02:39:59.401900059,L2,2025-12-29 02:54:39.697511914
HLT-07-CS001069,HLT-07,2025-12-29 04:10:30.230671083,L2,2025-12-29 04:28:07.729177891
HLT-07-CS001073,HLT-07,2025-12-29 10:50:42.679866012,L2,2025-12-29 11:12:39.520947882
HLT-07-CS001081,HLT-07,2025-12-29 22:20:28.288337740,L2,2025-12-29 23:12:13.034193623
HLT-07-CS001081,HLT-07,2025-12-29 22:11:21.444755166,CERT-In,2025-12-30 00:54:34.214873872
HLT-07-CS001084,HLT-07,2025-12-30 08:10:57.871034110,L2,2025-12-30 08:45:17.229495712
HLT-07-CS001086,HLT-07,2025-12-30 11:17:49.555531402,L2,2025-12-30 12:08:36.483217968
HLT-07-CS001092,HLT-07,2025-12-30 18:04:47.927763210,CISO,2025-12-30 18:42:31.348952474
HLT-07-CS001092,HLT-07,2025-12-30 17:45:13.999006964,CERT-In,2025-12-30 20:02:03.488141750
HLT-07-CS001092,HLT-07,2025-12-30 17:55:13.999006964,NCIIPC,
HLT-07-CS001093,HLT-07,2025-12-30 16:56:00.802543606,L2,2025-12-30 17:28:01.527159733
HLT-07-CS001098,HLT-07,2025-12-31 10:10:57.587559097,CERT-In,2025-12-31 12:29:50.103074246
HLT-07-CS001101,HLT-07,2025-12-31 13:38:04.329545186,L2,2025-12-31 13:51:37.603793036
HLT-07-CS001101,HLT-07,2025-12-31 12:44:51.804430208,CERT-In,2025-12-31 16:31:14.701442423
HLT-07-CS001106,HLT-07,2025-12-31 14:48:02.833269291,CERT-In,2025-12-31 18:28:09.433380752
HLT-07-CS001110,HLT-07,2026-01-01 10:10:30.139359581,L2,2026-01-01 11:05:17.250725340
HLT-07-CS001111,HLT-07,2025-12-31 19:44:14.646987066,L2,2025-12-31 20:32:48.275699196
HLT-07-CS001112,HLT-07,2025-12-31 22:06:11.481671054,L2,2025-12-31 22:58:11.942362907
HLT-07-CS001112,HLT-07,2026-01-01 07:53:48.844752802,CERT-In,2026-01-01 08:54:30.005870705
HLT-07-CS001114,HLT-07,2026-01-01 04:51:01.937454000,L2,2026-01-01 05:15:59.407206039
HLT-07-CS001114,HLT-07,2026-01-01 04:46:08.345241232,CERT-In,2026-01-01 05:43:27.436542626
HLT-07-CS001117,HLT-07,2026-01-01 11:27:06.169291916,L2,2026-01-01 12:24:15.281520330
HLT-07-CS001117,HLT-07,2026-01-01 12:04:23.889495744,CERT-In,2026-01-01 12:54:40.135966923
HLT-07-CS001119,HLT-07,2026-01-01 13:41:11.163133135,L2,2026-01-01 14:20:14.899474708
HLT-07-CS001125,HLT-07,2026-01-02 11:13:21.795577976,L2,2026-01-02 11:43:41.804128966
HLT-07-CS001128,HLT-07,2026-01-02 17:17:23.471878006,L2,2026-01-02 17:31:03.490024006
HLT-07-CS001128,HLT-07,2026-01-02 16:05:58.916619866,CERT-In,2026-01-02 18:17:46.263926674
HLT-07-CS001129,HLT-07,2026-01-02 18:53:24.547791459,CISO,2026-01-02 19:05:34.297090411
HLT-07-CS001129,HLT-07,2026-01-02 20:29:44.923535530,CERT-In,2026-01-02 21:20:37.565832429
HLT-07-CS001129,HLT-07,2026-01-02 20:39:44.923535530,NCIIPC,
HLT-07-CS001135,HLT-07,2026-01-03 13:42:44.162690818,L2,2026-01-03 14:10:44.946948613
HLT-07-CS001150,HLT-07,2026-01-05 11:31:26.438411891,L2,2026-01-05 12:31:02.069027205
HLT-07-CS001157,HLT-07,2026-01-06 02:42:32.098837344,CISO,2026-01-06 02:58:41.523318177
HLT-07-CS001157,HLT-07,2026-01-05 23:54:37.094223288,CERT-In,2026-01-06 00:53:41.953124066
HLT-07-CS001157,HLT-07,2026-01-06 00:04:37.094223288,NCIIPC,
HLT-07-CS001159,HLT-07,2026-01-06 09:00:39.964874481,L2,2026-01-06 09:11:03.907690162
HLT-07-CS001161,HLT-07,2026-01-06 10:18:54.073684412,CISO,2026-01-06 10:49:09.995397276
HLT-07-CS001161,HLT-07,2026-01-06 09:40:36.086851116,CERT-In,2026-01-06 11:44:06.282932685
HLT-07-CS001161,HLT-07,2026-01-06 09:50:36.086851116,NCIIPC,
HLT-07-CS001163,HLT-07,2026-01-06 12:53:04.317651412,CISO,2026-01-06 13:19:47.211208670
HLT-07-CS001163,HLT-07,2026-01-06 12:18:29.850750705,CERT-In,2026-01-06 15:28:53.593668279
HLT-07-CS001163,HLT-07,2026-01-06 12:28:29.850750705,NCIIPC,
HLT-07-CS001167,HLT-07,2026-01-06 16:21:57.189810399,CISO,2026-01-06 16:50:08.620857048
HLT-07-CS001167,HLT-07,2026-01-06 19:23:37.147089733,CERT-In,2026-01-06 21:06:27.696654849
HLT-07-CS001167,HLT-07,2026-01-06 19:33:37.147089733,NCIIPC,
HLT-07-CS001168,HLT-07,2026-01-06 19:19:34.047589447,L2,2026-01-06 19:49:03.221858624
HLT-07-CS001168,HLT-07,2026-01-06 16:28:18.798601217,CERT-In,2026-01-06 17:38:42.866693219
HLT-07-CS001173,HLT-07,2026-01-07 04:39:10.973613840,CERT-In,2026-01-07 07:58:28.967530393
HLT-07-CS001177,HLT-07,2026-01-07 08:44:07.994146603,CERT-In,2026-01-07 10:32:27.272776890
HLT-07-CS001177,HLT-07,2026-01-07 08:54:07.994146603,NCIIPC,
HLT-07-CS001179,HLT-07,2026-01-07 14:21:55.419622198,L2,2026-01-07 14:48:23.832747365
HLT-07-CS001179,HLT-07,2026-01-07 15:09:28.136485893,CERT-In,2026-01-07 16:52:05.346661343
HLT-07-CS001180,HLT-07,2026-01-07 19:32:02.464903038,L2,2026-01-07 20:20:36.608861899
HLT-07-CS001180,HLT-07,2026-01-07 17:04:49.082244020,CERT-In,2026-01-07 17:54:06.566744957
HLT-07-CS001184,HLT-07,2026-01-07 19:37:45.951696912,CISO,2026-01-07 20:00:01.478585747
HLT-07-CS001184,HLT-07,2026-01-07 21:39:31.690797227,CERT-In,2026-01-08 01:13:31.388814958
HLT-07-CS001184,HLT-07,2026-01-07 21:49:31.690797227,NCIIPC,
HLT-07-CS001185,HLT-07,2026-01-07 20:50:37.915153694,CISO,2026-01-07 21:35:20.638233210
HLT-07-CS001185,HLT-07,2026-01-07 21:18:57.942282259,CERT-In,2026-01-07 23:39:59.756259228
HLT-07-CS001185,HLT-07,2026-01-07 21:28:57.942282259,NCIIPC,
HLT-07-CS001188,HLT-07,2026-01-08 09:31:59.614139205,L2,2026-01-08 10:21:21.950988619
HLT-07-CS001192,HLT-07,2026-01-08 18:32:23.964530341,CISO,2026-01-08 18:54:13.337474135
HLT-07-CS001192,HLT-07,2026-01-08 17:58:46.547819891,CERT-In,2026-01-08 20:31:47.474411100
HLT-07-CS001192,HLT-07,2026-01-08 18:08:46.547819891,NCIIPC,
HLT-07-CS001198,HLT-07,2026-01-09 13:54:33.687997559,L2,2026-01-09 14:38:29.999036920
HLT-07-CS001198,HLT-07,2026-01-09 11:47:09.957940392,CERT-In,2026-01-09 15:21:54.798095675
HLT-07-CS001200,HLT-07,2026-01-09 14:29:10.919932677,L2,2026-01-09 14:40:45.450054577
HLT-07-CS001202,HLT-07,2026-01-09 16:24:24.531770374,CISO,2026-01-09 16:55:14.108185530
HLT-07-CS001202,HLT-07,2026-01-09 16:42:36.958407112,CERT-In,2026-01-09 18:44:27.239376056
HLT-07-CS001202,HLT-07,2026-01-09 16:52:36.958407112,NCIIPC,
HLT-07-CS001204,HLT-07,2026-01-09 15:35:33.056349238,L2,2026-01-09 15:46:19.961071715
HLT-07-CS001204,HLT-07,2026-01-09 16:38:01.074486407,CERT-In,2026-01-09 19:55:30.049422503
HLT-07-CS001205,HLT-07,2026-01-09 17:38:46.295405244,L2,2026-01-09 18:20:15.552741741
HLT-07-CS001209,HLT-07,2026-01-10 11:10:49.898752763,CERT-In,2026-01-10 15:01:53.514893357
HLT-07-CS001209,HLT-07,2026-01-10 11:20:49.898752763,NCIIPC,
HLT-07-CS001212,HLT-07,2026-01-10 12:43:00.722380518,CISO,2026-01-10 13:28:02.698600734
HLT-07-CS001212,HLT-07,2026-01-10 13:19:41.162314511,CERT-In,2026-01-10 15:17:24.872839803
HLT-07-CS001212,HLT-07,2026-01-10 13:29:41.162314511,NCIIPC,
HLT-07-CS001222,HLT-07,2026-01-11 03:32:15.411518749,L2,2026-01-11 04:05:29.748330374
HLT-07-CS001225,HLT-07,2026-01-11 14:08:10.739281214,CISO,2026-01-11 15:06:36.285560560
HLT-07-CS001225,HLT-07,2026-01-11 11:28:38.417495793,CERT-In,2026-01-11 12:27:30.152136759
HLT-07-CS001225,HLT-07,2026-01-11 11:38:38.417495793,NCIIPC,
HLT-07-CS001226,HLT-07,2026-01-11 13:40:31.612069219,L2,2026-01-11 13:56:56.257634054
HLT-07-CS001226,HLT-07,2026-01-11 15:06:09.571999257,CERT-In,2026-01-11 18:17:27.373786751
HLT-07-CS001229,HLT-07,2026-01-11 21:30:10.791057054,L2,2026-01-11 21:39:56.104793645
HLT-07-CS001234,HLT-07,2026-01-12 09:27:12.824637940,CISO,2026-01-12 10:01:32.003941084
HLT-07-CS001234,HLT-07,2026-01-12 11:02:32.660249827,CERT-In,2026-01-12 12:03:51.830385240
HLT-07-CS001234,HLT-07,2026-01-12 11:12:32.660249827,NCIIPC,
HLT-07-CS001235,HLT-07,2026-01-12 13:53:31.224263944,L2,2026-01-12 14:24:29.794575897
HLT-07-CS001237,HLT-07,2026-01-12 13:57:53.513123960,CISO,2026-01-12 14:52:03.599846293
HLT-07-CS001237,HLT-07,2026-01-12 14:21:16.113832274,CERT-In,2026-01-12 16:23:30.785058792
HLT-07-CS001237,HLT-07,2026-01-12 14:31:16.113832274,NCIIPC,
HLT-07-CS001241,HLT-07,2026-01-13 00:46:47.001005498,L2,2026-01-13 01:24:57.939683342
HLT-07-CS001243,HLT-07,2026-01-13 12:24:23.236772017,L2,2026-01-13 13:22:35.508429298
HLT-07-CS001243,HLT-07,2026-01-13 09:48:35.730375470,CERT-In,2026-01-13 11:45:58.013153615
HLT-07-CS001245,HLT-07,2026-01-13 10:23:20.313311583,L2,2026-01-13 11:18:19.545294628
HLT-07-CS001248,HLT-07,2026-01-13 13:42:38.536030468,L2,2026-01-13 14:01:45.796128718
HLT-07-CS001251,HLT-07,2026-01-13 20:03:37.104240164,L2,2026-01-13 20:25:40.841560093
HLT-07-CS001255,HLT-07,2026-01-13 19:46:22.883367172,L2,2026-01-13 20:07:51.760332934
HLT-07-CS001255,HLT-07,2026-01-13 23:32:40.116906687,CERT-In,2026-01-14 00:10:33.778291004
HLT-07-CS001258,HLT-07,2026-01-14 11:21:03.339484936,L2,2026-01-14 11:37:30.160754567
HLT-07-CS001258,HLT-07,2026-01-14 12:45:43.854212896,CERT-In,2026-01-14 13:24:50.805274935
HLT-07-CS001259,HLT-07,2026-01-14 11:38:52.060435324,L2,2026-01-14 12:36:44.055478659
HLT-07-CS001259,HLT-07,2026-01-14 11:23:02.594139531,CERT-In,2026-01-14 12:56:36.608850417
HLT-07-CS001261,HLT-07,2026-01-14 15:14:53.787306728,L2,2026-01-14 15:54:25.409922373
HLT-07-CS001261,HLT-07,2026-01-14 15:32:14.499791869,CERT-In,2026-01-14 18:07:31.582133283
HLT-07-CS001262,HLT-07,2026-01-14 16:07:10.036888418,L2,2026-01-14 16:21:48.153028049
HLT-07-CS001273,HLT-07,2026-01-15 14:17:25.241567079,CERT-In,2026-01-15 15:46:37.016164579
HLT-07-CS001274,HLT-07,2026-01-15 14:16:13.246971824,CISO,2026-01-15 15:16:00.936305845
HLT-07-CS001276,HLT-07,2026-01-15 19:33:03.847922981,CERT-In,2026-01-15 20:48:52.744159422
HLT-07-CS001276,HLT-07,2026-01-15 19:43:03.847922981,NCIIPC,
HLT-07-CS001281,HLT-07,2026-01-16 14:13:37.964321360,L2,2026-01-16 14:41:43.208830511
HLT-07-CS001281,HLT-07,2026-01-16 13:22:10.743303730,CERT-In,2026-01-16 14:22:29.217927413
HLT-07-CS001286,HLT-07,2026-01-16 16:30:26.641900371,CERT-In,2026-01-16 18:25:36.997181053
HLT-07-CS001286,HLT-07,2026-01-16 16:40:26.641900371,NCIIPC,
HLT-07-CS001299,HLT-07,2026-01-18 10:03:14.631711878,L2,2026-01-18 10:33:50.341541161
HLT-07-CS001300,HLT-07,2026-01-18 12:32:33.050491059,CISO,2026-01-18 12:40:42.859320640
HLT-07-CS001300,HLT-07,2026-01-18 12:04:00.823091527,CERT-In,2026-01-18 13:40:27.413819442
HLT-07-CS001300,HLT-07,2026-01-18 12:14:00.823091527,NCIIPC,
HLT-07-CS001301,HLT-07,2026-01-18 15:55:44.941995396,CISO,2026-01-18 16:32:15.174264339
HLT-07-CS001301,HLT-07,2026-01-18 14:30:55.183539511,CERT-In,2026-01-18 17:46:29.054151397
HLT-07-CS001301,HLT-07,2026-01-18 14:40:55.183539511,NCIIPC,
HLT-07-CS001304,HLT-07,2026-01-18 16:47:37.930023334,L2,2026-01-18 17:21:48.177845824
HLT-07-CS001304,HLT-07,2026-01-18 20:04:00.880293569,CERT-In,2026-01-18 23:16:59.223635489
HLT-07-CS001306,HLT-07,2026-01-18 19:19:06.431585288,L2,2026-01-18 19:54:50.049910827
HLT-07-CS001306,HLT-07,2026-01-18 20:03:12.661728241,CERT-In,2026-01-18 21:32:12.567976232
HLT-07-CS001312,HLT-07,2026-01-19 11:03:17.213741600,L2,2026-01-19 11:37:09.631911983
HLT-07-CS001312,HLT-07,2026-01-19 11:13:14.138215384,CERT-In,2026-01-19 14:02:20.642550309
HLT-07-CS001315,HLT-07,2026-01-19 16:00:58.754664954,CERT-In,2026-01-19 18:21:53.825123504
HLT-07-CS001315,HLT-07,2026-01-19 16:10:58.754664954,NCIIPC,
HLT-07-CS001334,HLT-07,2026-01-21 03:04:16.374550299,L2,2026-01-21 03:44:10.794141557
HLT-07-CS001335,HLT-07,2026-01-21 06:57:20.268793802,CISO,2026-01-21 07:07:46.040266601
HLT-07-CS001335,HLT-07,2026-01-21 09:22:00.411319050,CERT-In,2026-01-21 11:33:04.039589845
HLT-07-CS001335,HLT-07,2026-01-21 09:32:00.411319050,NCIIPC,
HLT-07-CS001343,HLT-07,2026-01-21 16:06:41.626145025,L2,2026-01-21 16:47:23.812871658
HLT-07-CS001344,HLT-07,2026-01-21 17:06:56.579908197,CISO,2026-01-21 17:21:05.538480033
HLT-07-CS001344,HLT-07,2026-01-21 17:41:03.749589981,CERT-In,2026-01-21 21:26:04.310474751
HLT-07-CS001344,HLT-07,2026-01-21 17:51:03.749589981,NCIIPC,
HLT-07-CS001345,HLT-07,2026-01-21 17:07:52.350666172,L2,2026-01-21 17:32:58.190461102
HLT-07-CS001345,HLT-07,2026-01-21 16:38:39.205256765,CERT-In,2026-01-21 18:22:23.708547265
HLT-07-CS001347,HLT-07,2026-01-21 22:11:39.511460848,L2,2026-01-21 22:42:20.645228955
HLT-07-CS001349,HLT-07,2026-01-22 02:30:41.272173886,L2,2026-01-22 03:16:39.972245002
HLT-07-CS001351,HLT-07,2026-01-22 14:23:35.514049110,CISO,2026-01-22 14:44:48.927642572
HLT-07-CS001351,HLT-07,2026-01-22 15:01:28.631576582,CERT-In,2026-01-22 16:40:39.776902889
HLT-07-CS001351,HLT-07,2026-01-22 15:11:28.631576582,NCIIPC,
HLT-07-CS001356,HLT-07,2026-01-22 16:45:46.293702482,CERT-In,2026-01-22 17:42:03.928201424
HLT-07-CS001360,HLT-07,2026-01-22 22:54:09.860791508,L2,2026-01-22 23:38:05.141830083
HLT-07-CS001361,HLT-07,2026-01-23 00:10:43.537431439,L2,2026-01-23 00:34:00.052733463
HLT-07-CS001361,HLT-07,2026-01-23 01:08:40.504374908,CERT-In,2026-01-23 03:15:32.711459668
HLT-07-CS001363,HLT-07,2026-01-23 15:23:05.332027196,L2,2026-01-23 16:17:08.948780071
HLT-07-CS001366,HLT-07,2026-01-23 16:04:50.042914283,CERT-In,2026-01-23 17:42:25.718978840
HLT-07-CS001370,HLT-07,2026-01-23 18:16:28.702299820,L2,2026-01-23 18:27:28.581366407
HLT-07-CS001382,HLT-07,2026-01-24 18:55:17.987984260,CERT-In,2026-01-24 22:30:29.853085654
HLT-07-CS001382,HLT-07,2026-01-24 19:05:17.987984260,NCIIPC,
HLT-07-CS001386,HLT-07,2026-01-25 06:31:15.494668610,L2,2026-01-25 07:24:58.267597667
HLT-07-CS001386,HLT-07,2026-01-25 06:07:22.430315805,CERT-In,2026-01-25 08:54:40.488537957
HLT-07-CS001392,HLT-07,2026-01-25 17:34:26.323802088,L2,2026-01-25 17:47:15.393959806
HLT-07-CS001396,HLT-07,2026-01-26 05:11:52.568185462,L2,2026-01-26 06:11:11.315167838
HLT-07-CS001398,HLT-07,2026-01-26 13:39:06.671952165,CERT-In,2026-01-26 15:26:16.942363240
HLT-07-CS001398,HLT-07,2026-01-26 13:49:06.671952165,NCIIPC,
HLT-07-CS001404,HLT-07,2026-01-26 13:49:54.427692756,L2,2026-01-26 13:57:58.252641762
HLT-07-CS001404,HLT-07,2026-01-26 14:15:46.682125412,CERT-In,2026-01-26 16:11:24.886098472
HLT-07-CS001405,HLT-07,2026-01-26 13:04:51.575808682,L2,2026-01-26 13:41:32.995678332
HLT-07-CS001406,HLT-07,2026-01-26 14:57:02.588779679,CISO,2026-01-26 15:47:42.271040105
HLT-07-CS001406,HLT-07,2026-01-26 14:52:45.087987369,CERT-In,2026-01-26 17:46:53.385796050
HLT-07-CS001406,HLT-07,2026-01-26 15:02:45.087987369,NCIIPC,
HLT-07-CS001409,HLT-07,2026-01-26 18:53:07.911766541,CERT-In,2026-01-26 20:53:41.888286764
HLT-07-CS001410,HLT-07,2026-01-26 18:33:36.792204652,L2,2026-01-26 18:41:52.685494490
HLT-07-CS001411,HLT-07,2026-01-27 00:28:40.215672711,L2,2026-01-27 01:26:28.506698503
HLT-07-CS001411,HLT-07,2026-01-26 21:19:57.125609238,CERT-In,2026-01-26 22:37:27.620281127
HLT-07-CS001412,HLT-07,2026-01-27 01:37:10.101257877,CERT-In,2026-01-27 02:14:54.842039694
HLT-07-CS001414,HLT-07,2026-01-27 03:39:43.804737953,CERT-In,2026-01-27 07:31:08.167858193
HLT-07-CS001414,HLT-07,2026-01-27 03:49:43.804737953,NCIIPC,
HLT-07-CS001420,HLT-07,2026-01-27 13:23:54.898380656,L2,2026-01-27 13:48:27.629532738
HLT-07-CS001421,HLT-07,2026-01-27 18:49:13.625871152,L2,2026-01-27 19:38:52.509165664
HLT-07-CS001422,HLT-07,2026-01-27 18:16:43.314145449,CERT-In,2026-01-27 21:45:51.090634805
HLT-07-CS001422,HLT-07,2026-01-27 18:26:43.314145449,NCIIPC,
HLT-07-CS001434,HLT-07,2026-01-28 15:40:12.838025309,L2,2026-01-28 15:51:48.472160907
HLT-07-CS001436,HLT-07,2026-01-28 17:20:09.690382640,L2,2026-01-28 17:30:15.699206318
HLT-07-CS001436,HLT-07,2026-01-28 18:50:57.397758199,CERT-In,2026-01-28 19:43:20.099349128
HLT-07-CS001440,HLT-07,2026-01-29 15:01:47.586144974,L2,2026-01-29 15:36:24.208238122
HLT-07-CS001441,HLT-07,2026-01-29 09:02:30.784231277,L2,2026-01-29 09:43:33.232928207
HLT-07-CS001443,HLT-07,2026-01-29 12:55:12.088036850,L2,2026-01-29 13:01:27.266485373
HLT-07-CS001443,HLT-07,2026-01-29 13:35:57.159691927,CERT-In,2026-01-29 15:11:57.468003011
HLT-07-CS001447,HLT-07,2026-01-29 20:29:06.774995409,L2,2026-01-29 20:50:26.993223216
HLT-07-CS001448,HLT-07,2026-01-29 18:23:43.752409738,L2,2026-01-29 18:51:39.014752505
HLT-07-CS001450,HLT-07,2026-01-29 21:33:55.970460872,L2,2026-01-29 22:14:00.513912494
HLT-07-CS001450,HLT-07,2026-01-29 19:26:05.378013836,CERT-In,2026-01-29 23:15:03.711516466
HLT-07-CS001451,HLT-07,2026-01-29 19:36:28.165886731,L2,2026-01-29 20:33:35.605688470
HLT-07-CS001454,HLT-07,2026-01-30 11:00:43.885250590,L2,2026-01-30 11:31:09.319634584
HLT-07-CS001457,HLT-07,2026-01-31 00:43:06.076037394,L2,2026-01-31 01:11:14.928378940
HLT-07-CS001457,HLT-07,2026-01-31 02:09:51.850657224,CERT-In,2026-01-31 04:52:50.106248359
HLT-07-CS001458,HLT-07,2026-01-31 07:39:21.563792582,L2,2026-01-31 07:56:53.839071081
HLT-07-CS001460,HLT-07,2026-01-31 09:14:52.240476068,L2,2026-01-31 09:19:55.068600366
HLT-07-CS001461,HLT-07,2026-01-31 09:27:02.592782664,L2,2026-01-31 10:17:38.982189472
HLT-07-CS001461,HLT-07,2026-01-31 09:42:16.791522314,CERT-In,2026-01-31 12:08:55.152288097
HLT-07-CS001463,HLT-07,2026-01-31 13:18:48.611079634,L2,2026-01-31 13:48:38.960410232
HLT-07-CS001463,HLT-07,2026-01-31 13:12:01.118691162,CERT-In,2026-01-31 15:27:46.261890194
HLT-07-CS001465,HLT-07,2026-01-31 15:38:37.040982269,CERT-In,2026-01-31 19:06:46.270096592
HLT-07-CS001465,HLT-07,2026-01-31 15:48:37.040982269,NCIIPC,
HLT-07-CS001467,HLT-07,2026-01-31 15:18:02.320662383,CISO,2026-01-31 15:31:08.447901796
HLT-07-CS001467,HLT-07,2026-01-31 17:49:58.989746117,CERT-In,2026-01-31 19:10:42.552806490
HLT-07-CS001467,HLT-07,2026-01-31 17:59:58.989746117,NCIIPC,
HLT-07-CS001469,HLT-07,2026-01-31 18:43:13.263140759,L2,2026-01-31 19:22:06.202197459
HLT-07-CS001469,HLT-07,2026-01-31 17:07:16.566788834,CERT-In,2026-01-31 19:59:11.941065416
HLT-07-CS001475,HLT-07,2026-02-01 08:13:08.966138084,L2,2026-02-01 08:53:41.331062309
HLT-07-CS001480,HLT-07,2026-02-01 19:06:49.984889921,L2,2026-02-01 19:16:36.035828205
HLT-07-CS001480,HLT-07,2026-02-01 10:49:17.357751049,CERT-In,2026-02-01 13:00:30.476094853
HLT-07-CS001482,HLT-07,2026-02-01 18:29:13.880591488,CERT-In,2026-02-01 22:26:05.134396742
HLT-07-CS001490,HLT-07,2026-02-02 14:08:18.390402134,L2,2026-02-02 14:39:13.681928424
HLT-07-CS001493,HLT-07,2026-02-02 18:19:27.171706999,CERT-In,2026-02-02 22:15:19.473586191
HLT-07-CS001497,HLT-07,2026-02-02 20:53:50.731234034,CISO,2026-02-02 21:09:52.446721283
HLT-07-CS001497,HLT-07,2026-02-02 20:21:18.683841711,CERT-In,2026-02-02 23:41:47.550184804
HLT-07-CS001497,HLT-07,2026-02-02 20:31:18.683841711,NCIIPC,
HLT-07-CS001498,HLT-07,2026-02-03 04:41:43.641986588,CISO,2026-02-03 05:34:18.487304215
HLT-07-CS001498,HLT-07,2026-02-03 03:32:39.501381485,CERT-In,2026-02-03 06:42:28.244724667
HLT-07-CS001498,HLT-07,2026-02-03 03:42:39.501381485,NCIIPC,
HLT-07-CS001499,HLT-07,2026-02-03 14:33:12.297632614,L2,2026-02-03 15:11:15.937513422
HLT-07-CS001503,HLT-07,2026-02-03 20:02:17.685823642,L2,2026-02-03 20:21:04.987160939
HLT-07-CS001509,HLT-07,2026-02-04 11:50:37.566970717,L2,2026-02-04 12:21:37.490372181
HLT-07-CS001510,HLT-07,2026-02-04 10:09:00.258685742,L2,2026-02-04 10:59:06.400787043
HLT-07-CS001510,HLT-07,2026-02-04 15:08:41.607312578,CERT-In,2026-02-04 17:43:15.189358088
HLT-07-CS001511,HLT-07,2026-02-04 09:16:34.915754754,CERT-In,2026-02-04 11:55:50.806507252
HLT-07-CS001511,HLT-07,2026-02-04 09:26:34.915754754,NCIIPC,
HLT-07-CS001512,HLT-07,2026-02-04 15:13:09.049377376,L2,2026-02-04 15:46:22.766928569
HLT-07-CS001512,HLT-07,2026-02-04 16:31:59.378071170,CERT-In,2026-02-04 20:29:28.173382252
HLT-07-CS001514,HLT-07,2026-02-04 14:17:48.481207098,L2,2026-02-04 14:52:34.613064549
HLT-07-CS001514,HLT-07,2026-02-04 14:10:44.316896546,CERT-In,2026-02-04 16:59:45.142555607
HLT-07-CS001518,HLT-07,2026-02-04 22:56:26.795749230,CERT-In,2026-02-05 01:59:24.019290881
HLT-07-CS001525,HLT-07,2026-02-05 05:31:55.757327429,L2,2026-02-05 06:15:23.577568090
HLT-07-CS001527,HLT-07,2026-02-05 08:26:40.295272620,L2,2026-02-05 08:35:20.562463013
HLT-07-CS001527,HLT-07,2026-02-05 09:39:12.182754605,CERT-In,2026-02-05 11:34:27.379674139
HLT-07-CS001529,HLT-07,2026-02-05 09:15:26.148446679,L2,2026-02-05 09:26:36.020946134
HLT-07-CS001533,HLT-07,2026-02-05 14:08:23.478785252,L2,2026-02-05 14:55:13.476927835
HLT-07-CS001537,HLT-07,2026-02-05 14:18:33.257585364,L2,2026-02-05 15:03:03.827889393
HLT-07-CS001540,HLT-07,2026-02-05 18:15:00.026874033,L2,2026-02-05 18:20:20.734258430
HLT-07-CS001542,HLT-07,2026-02-05 19:57:35.475587916,CISO,2026-02-05 20:26:43.742578779
HLT-07-CS001542,HLT-07,2026-02-05 21:27:33.652873078,CERT-In,2026-02-05 22:18:34.638628920
HLT-07-CS001542,HLT-07,2026-02-05 21:37:33.652873078,NCIIPC,
HLT-07-CS001545,HLT-07,2026-02-06 14:51:57.812335574,L2,2026-02-06 15:10:33.759231697
HLT-07-CS001549,HLT-07,2026-02-06 18:52:07.313882156,L2,2026-02-06 19:13:28.263552349
HLT-07-CS001555,HLT-07,2026-02-07 12:26:53.214267972,L2,2026-02-07 13:23:45.924007466
HLT-07-CS001555,HLT-07,2026-02-07 13:15:26.401632968,CERT-In,2026-02-07 14:45:33.781396363
HLT-07-CS001557,HLT-07,2026-02-07 14:28:19.366178901,L2,2026-02-07 14:51:03.081933822
HLT-07-CS001559,HLT-07,2026-02-07 15:28:38.850180008,L2,2026-02-07 16:00:58.994019107
HLT-07-CS001561,HLT-07,2026-02-07 21:16:48.917649817,L2,2026-02-07 22:04:56.897460522
HLT-07-CS001561,HLT-07,2026-02-07 18:25:21.530770422,CERT-In,2026-02-07 18:56:27.995442453
HLT-07-CS001562,HLT-07,2026-02-07 19:32:17.366923240,L2,2026-02-07 20:07:14.529442200
HLT-07-CS001562,HLT-07,2026-02-07 21:15:49.060733309,CERT-In,2026-02-08 00:42:52.022126455
HLT-07-CS001568,HLT-07,2026-02-08 04:51:50.131586176,CISO,2026-02-08 05:23:48.643676613
HLT-07-CS001568,HLT-07,2026-02-08 05:27:57.079866491,CERT-In,2026-02-08 07:39:36.277859230
HLT-07-CS001568,HLT-07,2026-02-08 05:37:57.079866491,NCIIPC,
HLT-07-CS001569,HLT-07,2026-02-08 10:12:09.636119772,CISO,2026-02-08 11:10:57.608372327
HLT-07-CS001569,HLT-07,2026-02-08 09:35:12.965607418,CERT-In,2026-02-08 11:47:34.363768980
HLT-07-CS001569,HLT-07,2026-02-08 09:45:12.965607418,NCIIPC,
HLT-07-CS001573,HLT-07,2026-02-08 16:06:09.997160125,L2,2026-02-08 16:33:21.221460441
HLT-07-CS001573,HLT-07,2026-02-08 15:57:56.014930246,CERT-In,2026-02-08 17:26:25.431687043
HLT-07-CS001577,HLT-07,2026-02-08 18:17:16.737275236,L2,2026-02-08 19:05:45.899966846
HLT-07-CS001577,HLT-07,2026-02-08 20:10:25.360090975,CERT-In,2026-02-09 00:06:49.520789849
HLT-07-CS001582,HLT-07,2026-02-10 18:56:52.546957464,CISO,2026-02-10 19:15:29.411260939
HLT-07-CS001582,HLT-07,2026-02-10 13:28:00.267569601,CERT-In,2026-02-10 15:07:21.126444626
HLT-07-CS001582,HLT-07,2026-02-10 13:38:00.267569601,NCIIPC,
HLT-07-CS001583,HLT-07,2026-02-10 14:22:33.463978906,CERT-In,2026-02-10 17:26:37.822487736
HLT-07-CS001584,HLT-07,2026-02-10 14:01:37.398851144,L2,2026-02-10 14:28:43.507896225
HLT-07-CS001585,HLT-07,2026-02-10 14:08:55.614168864,L2,2026-02-10 15:01:57.473328841
HLT-07-CS001588,HLT-07,2026-02-11 00:05:02.229250058,L2,2026-02-11 00:15:38.354602119
HLT-07-CS001588,HLT-07,2026-02-10 18:56:34.601627018,CERT-In,2026-02-10 20:57:35.203998380
HLT-07-CS001595,HLT-07,2026-02-11 12:48:11.286446820,L2,2026-02-11 13:08:24.631524695
HLT-07-CS001603,HLT-07,2026-02-12 00:27:46.817098459,L2,2026-02-12 00:40:35.778266225
HLT-07-CS001609,HLT-07,2026-02-12 18:34:57.326613166,L2,2026-02-12 19:05:03.724471613
HLT-07-CS001612,HLT-07,2026-02-13 10:26:11.262470116,CISO,2026-02-13 11:19:28.624047415
HLT-07-CS001612,HLT-07,2026-02-13 12:56:57.376415544,CERT-In,2026-02-13 15:18:53.269386707
HLT-07-CS001612,HLT-07,2026-02-13 13:06:57.376415544,NCIIPC,
HLT-07-CS001615,HLT-07,2026-02-13 14:04:58.130434145,CERT-In,2026-02-13 14:56:28.628028282
HLT-07-CS001615,HLT-07,2026-02-13 14:14:58.130434145,NCIIPC,
HLT-07-CS001619,HLT-07,2026-02-13 18:53:16.605605655,L2,2026-02-13 19:01:33.772946705
HLT-07-CS001620,HLT-07,2026-02-13 18:26:17.260298363,L2,2026-02-13 18:38:07.986138462
HLT-07-CS001623,HLT-07,2026-02-14 14:36:41.980606679,L2,2026-02-14 14:58:48.526218336
HLT-07-CS001633,HLT-07,2026-02-14 18:32:28.334373704,L2,2026-02-14 19:08:56.217555959
HLT-07-CS001633,HLT-07,2026-02-14 18:40:39.727960931,CERT-In,2026-02-14 21:35:05.762946177
HLT-07-CS001639,HLT-07,2026-02-15 13:25:46.135904933,L2,2026-02-15 13:54:59.611157759
HLT-07-CS001641,HLT-07,2026-02-15 15:57:31.147906590,CISO,2026-02-15 16:08:01.097135270
HLT-07-CS001641,HLT-07,2026-02-15 14:31:15.227662426,CERT-In,2026-02-15 17:49:37.396003847
HLT-07-CS001641,HLT-07,2026-02-15 14:41:15.227662426,NCIIPC,
HLT-07-CS001646,HLT-07,2026-02-15 22:25:57.180061100,L2,2026-02-15 22:35:06.591140010
HLT-07-CS001646,HLT-07,2026-02-15 23:11:08.541730569,CERT-In,2026-02-16 01:46:41.885399143
HLT-07-CS001654,HLT-07,2026-02-16 16:41:55.884705657,CERT-In,2026-02-16 20:09:40.203831500
HLT-07-CS001654,HLT-07,2026-02-16 16:51:55.884705657,NCIIPC,
HLT-07-CS001656,HLT-07,2026-02-16 19:37:18.568476724,L2,2026-02-16 19:45:35.178671474
HLT-07-CS001656,HLT-07,2026-02-16 20:44:08.028686722,CERT-In,2026-02-16 23:57:51.692534510
HLT-07-CS001660,HLT-07,2026-02-17 03:48:27.591725792,L2,2026-02-17 03:54:03.263836743
HLT-07-CS001672,HLT-07,2026-02-17 19:58:15.453687468,L2,2026-02-17 20:30:50.888130679
HLT-07-CS001672,HLT-07,2026-02-17 20:34:28.775715187,CERT-In,2026-02-17 22:23:07.171743741
HLT-07-CS001673,HLT-07,2026-02-18 06:06:09.773016972,L2,2026-02-18 06:21:27.914161025
HLT-07-CS001676,HLT-07,2026-02-18 10:04:47.651975010,L2,2026-02-18 10:21:25.139604086
HLT-07-CS001678,HLT-07,2026-02-18 15:41:29.801576326,CISO,2026-02-18 16:11:12.273635163
HLT-07-CS001678,HLT-07,2026-02-18 17:01:28.016590465,CERT-In,2026-02-18 19:22:55.704111724
HLT-07-CS001678,HLT-07,2026-02-18 17:11:28.016590465,NCIIPC,
HLT-07-CS001688,HLT-07,2026-02-19 10:59:19.767985573,L2,2026-02-19 11:11:20.835189564
HLT-07-CS001695,HLT-07,2026-02-19 18:49:21.561367739,L2,2026-02-19 19:09:39.932327333
HLT-07-CS001697,HLT-07,2026-02-19 20:35:10.980129820,L2,2026-02-19 21:04:19.228144983
HLT-07-CS001698,HLT-07,2026-02-20 13:07:46.970846242,L2,2026-02-20 13:15:04.852243070
HLT-07-CS001703,HLT-07,2026-02-21 01:34:46.724292748,L2,2026-02-21 02:18:58.304438115
HLT-07-CS001703,HLT-07,2026-02-20 18:29:41.934656160,CERT-In,2026-02-20 20:01:23.013615522
HLT-07-CS001704,HLT-07,2026-02-20 19:22:12.779831534,L2,2026-02-20 20:07:37.916095595
HLT-07-CS001704,HLT-07,2026-02-20 19:21:49.559973214,CERT-In,2026-02-20 20:59:13.497076463
HLT-07-CS001707,HLT-07,2026-02-21 12:26:28.266645174,CERT-In,2026-02-21 14:05:47.181825039
HLT-07-CS001707,HLT-07,2026-02-21 12:36:28.266645174,NCIIPC,
HLT-07-CS001710,HLT-07,2026-02-21 10:05:58.463793421,L2,2026-02-21 10:20:32.053173029
HLT-07-CS001711,HLT-07,2026-02-21 11:30:38.684456812,L2,2026-02-21 11:40:28.208288079
HLT-07-CS001711,HLT-07,2026-02-21 16:27:28.093655736,CERT-In,2026-02-21 18:12:44.550653376
HLT-07-CS001716,HLT-07,2026-02-21 15:35:40.752501362,CISO,2026-02-21 16:17:57.147417510
HLT-07-CS001716,HLT-07,2026-02-21 16:03:40.509839787,CERT-In,2026-02-21 16:46:05.261528394
HLT-07-CS001716,HLT-07,2026-02-21 16:13:40.509839787,NCIIPC,
HLT-07-CS001719,HLT-07,2026-02-21 19:01:22.132905892,CISO,2026-02-21 19:11:44.562264067
HLT-07-CS001719,HLT-07,2026-02-21 19:04:27.787904694,CERT-In,2026-02-21 21:27:53.590830297
HLT-07-CS001719,HLT-07,2026-02-21 19:14:27.787904694,NCIIPC,
HLT-07-CS001720,HLT-07,2026-02-22 01:14:12.663733568,L2,2026-02-22 02:09:05.921724679
HLT-07-CS001720,HLT-07,2026-02-21 21:07:19.482748981,CERT-In,2026-02-21 22:05:11.833530651
HLT-07-CS001721,HLT-07,2026-02-21 19:48:03.225062006,L2,2026-02-21 20:24:27.751732289
HLT-07-CS001721,HLT-07,2026-02-21 21:47:19.652215116,CERT-In,2026-02-21 23:50:45.939170287
HLT-07-CS001726,HLT-07,2026-02-22 11:26:44.844790243,L2,2026-02-22 11:52:29.840022866
HLT-07-CS001726,HLT-07,2026-02-22 11:47:46.925414373,CERT-In,2026-02-22 15:15:54.552288142
HLT-07-CS001732,HLT-07,2026-02-23 03:01:34.447883475,L2,2026-02-23 03:53:05.952400856
HLT-07-CS001734,HLT-07,2026-02-23 04:08:01.063680794,L2,2026-02-23 05:03:27.495530380
HLT-07-CS001735,HLT-07,2026-02-23 09:38:44.523129751,L2,2026-02-23 09:56:18.314995555
HLT-07-CS001735,HLT-07,2026-02-23 10:42:05.532300444,CERT-In,2026-02-23 14:36:59.304362710
HLT-07-CS001739,HLT-07,2026-02-23 15:50:48.357319818,L2,2026-02-23 16:32:45.328924241
HLT-07-CS001743,HLT-07,2026-02-24 02:12:10.707093866,L2,2026-02-24 02:44:38.007318301
HLT-07-CS001745,HLT-07,2026-02-24 10:01:43.915450042,L2,2026-02-24 10:29:53.702117761
HLT-07-CS001745,HLT-07,2026-02-24 10:29:38.975459403,CERT-In,2026-02-24 13:18:56.472487306
HLT-07-CS001752,HLT-07,2026-02-25 03:57:14.589980194,L2,2026-02-25 04:41:46.251927024
HLT-07-CS001754,HLT-07,2026-02-25 13:05:46.055262590,L2,2026-02-25 13:15:01.016734658
HLT-07-CS001757,HLT-07,2026-02-25 22:37:26.463251950,L2,2026-02-25 23:21:24.723635361
HLT-07-CS001757,HLT-07,2026-02-25 13:54:59.400190985,CERT-In,2026-02-25 16:18:04.860292302
HLT-07-CS001770,HLT-07,2026-02-26 18:33:49.247321436,L2,2026-02-26 18:52:22.772092927
HLT-07-CS001776,HLT-07,2026-02-27 11:06:31.489996561,L2,2026-02-27 11:12:57.787100590
HLT-07-CS001778,HLT-07,2026-02-27 10:39:03.057636527,L2,2026-02-27 10:46:28.514743504
HLT-07-CS001780,HLT-07,2026-02-27 13:02:57.888247065,L2,2026-02-27 13:17:24.581391591
HLT-07-CS001782,HLT-07,2026-02-27 15:28:58.194929842,CERT-In,2026-02-27 18:16:47.733919773
HLT-07-CS001782,HLT-07,2026-02-27 15:38:58.194929842,NCIIPC,
HLT-07-CS001789,HLT-07,2026-02-27 20:24:51.415241886,L2,2026-02-27 21:16:27.417224335
HLT-07-CS001789,HLT-07,2026-02-27 22:45:13.110517899,CERT-In,2026-02-27 23:33:29.534962168
HLT-07-CS001797,HLT-07,2026-02-28 14:14:25.890781818,L2,2026-02-28 14:19:28.016628948
HLT-07-CS001798,HLT-07,2026-02-28 12:58:54.367838762,L2,2026-02-28 13:28:22.838449837
HLT-07-CS001804,HLT-07,2026-03-01 08:48:42.874820957,L2,2026-03-01 09:09:25.825685975
HLT-07-CS001804,HLT-07,2026-03-01 09:00:55.054471500,CERT-In,2026-03-01 11:01:44.330487210
HLT-07-CS001811,HLT-07,2026-03-01 20:51:22.135968504,L2,2026-03-01 21:17:10.432781846
HLT-07-CS001811,HLT-07,2026-03-01 20:52:45.811942076,CERT-In,2026-03-01 22:06:23.528820582
HLT-07-CS001822,HLT-07,2026-03-02 15:41:51.800424993,CISO,2026-03-02 15:55:51.204386012
HLT-07-CS001822,HLT-07,2026-03-02 20:21:28.114000992,CERT-In,2026-03-02 21:20:31.598240431
HLT-07-CS001822,HLT-07,2026-03-02 20:31:28.114000992,NCIIPC,
HLT-07-CS001830,HLT-07,2026-03-03 13:39:47.064331185,L2,2026-03-03 14:00:47.828345670
HLT-07-CS001831,HLT-07,2026-03-03 13:04:43.720920072,CISO,2026-03-03 13:17:48.098938272
HLT-07-CS001831,HLT-07,2026-03-03 15:20:28.699883636,CERT-In,2026-03-03 17:20:33.932999231
HLT-07-CS001831,HLT-07,2026-03-03 15:30:28.699883636,NCIIPC,
HLT-07-CS001832,HLT-07,2026-03-03 13:21:05.495920796,CISO,2026-03-03 14:12:53.371316153
HLT-07-CS001832,HLT-07,2026-03-03 17:37:54.574084862,CERT-In,2026-03-03 20:18:23.250368866
HLT-07-CS001832,HLT-07,2026-03-03 17:47:54.574084862,NCIIPC,
HLT-07-CS001834,HLT-07,2026-03-03 17:56:17.627787524,L2,2026-03-03 18:39:17.124969809
HLT-07-CS001838,HLT-07,2026-03-03 23:36:21.652249744,L2,2026-03-03 23:45:29.910471383
HLT-07-CS001839,HLT-07,2026-03-04 02:23:12.008872200,CERT-In,2026-03-04 04:01:26.593635145
HLT-07-CS001849,HLT-07,2026-03-05 00:09:22.530081202,CISO,2026-03-05 00:46:31.046772800
HLT-07-CS001849,HLT-07,2026-03-04 21:19:07.929693139,CERT-In,2026-03-05 00:57:39.272354609
HLT-07-CS001849,HLT-07,2026-03-04 21:29:07.929693139,NCIIPC,
HLT-07-CS001852,HLT-07,2026-03-05 06:33:17.689431910,L2,2026-03-05 07:28:57.374314126
HLT-07-CS001854,HLT-07,2026-03-05 07:17:37.698496788,CISO,2026-03-05 07:53:52.468314715
HLT-07-CS001854,HLT-07,2026-03-05 07:44:36.243855983,CERT-In,2026-03-05 11:14:27.272483897
HLT-07-CS001854,HLT-07,2026-03-05 07:54:36.243855983,NCIIPC,
HLT-07-CS001857,HLT-07,2026-03-05 11:34:34.841052125,CISO,2026-03-05 12:26:25.006096335
HLT-07-CS001857,HLT-07,2026-03-05 13:03:16.019970696,CERT-In,2026-03-05 15:32:41.609158849
HLT-07-CS001857,HLT-07,2026-03-05 13:13:16.019970696,NCIIPC,
HLT-07-CS001859,HLT-07,2026-03-05 14:02:45.442154596,CISO,2026-03-05 14:50:39.689917205
HLT-07-CS001859,HLT-07,2026-03-05 13:32:56.011358510,CERT-In,2026-03-05 15:37:58.343314933
HLT-07-CS001859,HLT-07,2026-03-05 13:42:56.011358510,NCIIPC,
HLT-07-CS001863,HLT-07,2026-03-06 11:25:28.842343133,L2,2026-03-06 11:57:28.344708813
HLT-07-CS001863,HLT-07,2026-03-06 10:30:15.770141830,CERT-In,2026-03-06 13:49:13.490950576
HLT-07-CS001864,HLT-07,2026-03-06 10:08:45.553484672,L2,2026-03-06 10:22:00.678677205
HLT-07-CS001864,HLT-07,2026-03-06 10:29:28.630646753,CERT-In,2026-03-06 11:40:19.514491075
HLT-07-CS001868,HLT-07,2026-03-06 15:15:51.794095456,CISO,2026-03-06 16:05:27.395896837
HLT-07-CS001868,HLT-07,2026-03-06 12:55:58.990891827,CERT-In,2026-03-06 15:21:49.940106333
HLT-07-CS001868,HLT-07,2026-03-06 13:05:58.990891827,NCIIPC,
HLT-07-CS001879,HLT-07,2026-03-07 17:14:11.338509656,CISO,2026-03-07 18:00:30.832962647
HLT-07-CS001879,HLT-07,2026-03-07 17:35:07.234825080,CERT-In,2026-03-07 18:21:10.065527865
HLT-07-CS001879,HLT-07,2026-03-07 17:45:07.234825080,NCIIPC,
HLT-07-CS001881,HLT-07,2026-03-07 19:03:23.354952380,L2,2026-03-07 19:22:13.778080013
HLT-07-CS001882,HLT-07,2026-03-07 20:57:06.993033560,L2,2026-03-07 21:45:28.559553510
HLT-07-CS001889,HLT-07,2026-03-08 14:46:56.151894632,CISO,2026-03-08 15:39:32.708405837
HLT-07-CS001892,HLT-07,2026-03-08 16:11:26.383808756,CERT-In,2026-03-08 17:03:50.240400111
HLT-07-CS001892,HLT-07,2026-03-08 16:21:26.383808756,NCIIPC,
HLT-07-CS001895,HLT-07,2026-03-09 11:39:37.612889130,L2,2026-03-09 12:15:34.128382182
HLT-07-CS001895,HLT-07,2026-03-09 09:46:21.255450001,CERT-In,2026-03-09 10:48:53.045898664
HLT-07-CS001896,HLT-07,2026-03-09 16:06:12.668014042,CISO,2026-03-09 16:54:50.690494205
HLT-07-CS001896,HLT-07,2026-03-09 16:43:25.849575198,CERT-In,2026-03-09 18:13:37.575978004
HLT-07-CS001896,HLT-07,2026-03-09 16:53:25.849575198,NCIIPC,
HLT-07-CS001897,HLT-07,2026-03-09 12:48:36.330113909,L2,2026-03-09 13:04:49.415478361
HLT-07-CS001899,HLT-07,2026-03-09 15:28:34.231902445,CISO,2026-03-09 15:42:20.997628553
HLT-07-CS001899,HLT-07,2026-03-09 17:22:51.290414064,CERT-In,2026-03-09 20:16:04.566038524
HLT-07-CS001899,HLT-07,2026-03-09 17:32:51.290414064,NCIIPC,
HLT-07-CS001911,HLT-07,2026-03-10 12:15:59.248630244,CISO,2026-03-10 13:07:46.480653821
HLT-07-CS001911,HLT-07,2026-03-10 13:36:56.583439068,CERT-In,2026-03-10 15:38:54.753548761
HLT-07-CS001911,HLT-07,2026-03-10 13:46:56.583439068,NCIIPC,
HLT-07-CS001915,HLT-07,2026-03-10 16:36:49.918269701,CERT-In,2026-03-10 18:30:16.990492680
HLT-07-CS001917,HLT-07,2026-03-10 19:46:57.384329380,CERT-In,2026-03-10 22:35:59.140101829
HLT-07-CS001917,HLT-07,2026-03-10 19:56:57.384329380,NCIIPC,
HLT-07-CS001925,HLT-07,2026-03-11 08:40:22.993471810,L2,2026-03-11 09:32:40.484659660
HLT-07-CS001925,HLT-07,2026-03-11 10:43:58.453631647,CERT-In,2026-03-11 14:01:03.191722393
HLT-07-CS001935,HLT-07,2026-03-11 20:30:05.887440740,L2,2026-03-11 20:55:38.059569112
HLT-07-CS001937,HLT-07,2026-03-11 20:31:16.557522375,CISO,2026-03-11 21:08:01.773155341
HLT-07-CS001937,HLT-07,2026-03-11 21:29:48.797432545,CERT-In,2026-03-11 23:08:03.256413213
HLT-07-CS001937,HLT-07,2026-03-11 21:39:48.797432545,NCIIPC,
HLT-07-CS001942,HLT-07,2026-03-12 04:50:59.391856376,L2,2026-03-12 05:39:52.160941132
HLT-07-CS001942,HLT-07,2026-03-12 04:31:27.963288172,CERT-In,2026-03-12 07:14:48.736623815
HLT-07-CS001951,HLT-07,2026-03-13 07:49:51.859033044,L2,2026-03-13 08:47:30.422938839
HLT-07-CS001952,HLT-07,2026-03-13 05:41:30.634522045,CISO,2026-03-13 06:10:08.296073816
HLT-07-CS001952,HLT-07,2026-03-13 06:10:41.985390329,CERT-In,2026-03-13 07:03:18.436253892
HLT-07-CS001952,HLT-07,2026-03-13 06:20:41.985390329,NCIIPC,
HLT-07-CS001962,HLT-07,2026-03-13 17:48:43.380059100,L2,2026-03-13 18:00:53.773575483
HLT-07-CS001962,HLT-07,2026-03-13 18:58:01.059403100,CERT-In,2026-03-13 20:44:37.492952696
HLT-07-CS001963,HLT-07,2026-03-13 19:14:22.703569799,L2,2026-03-13 19:59:17.986129439
HLT-07-CS001964,HLT-07,2026-03-14 03:47:04.830035232,L2,2026-03-14 03:52:28.601379291
HLT-07-CS001964,HLT-07,2026-03-13 18:12:02.456000851,CERT-In,2026-03-13 19:39:02.392254146
HLT-07-CS001965,HLT-07,2026-03-14 02:42:32.446138011,L2,2026-03-14 02:58:39.084650816
HLT-07-CS001966,HLT-07,2026-03-14 10:39:35.225708836,L2,2026-03-14 11:09:01.821745510
HLT-07-CS001969,HLT-07,2026-03-14 14:12:39.822707357,CISO,2026-03-14 14:58:07.472705949
HLT-07-CS001969,HLT-07,2026-03-14 12:50:09.659175845,CERT-In,2026-03-14 15:34:21.243916447
HLT-07-CS001969,HLT-07,2026-03-14 13:00:09.659175845,NCIIPC,
HLT-07-CS001974,HLT-07,2026-03-14 19:17:22.899291740,L2,2026-03-14 19:46:05.913102853
HLT-07-CS001974,HLT-07,2026-03-15 00:54:37.484622247,CERT-In,2026-03-15 03:43:59.947641170
HLT-07-CS001981,HLT-07,2026-03-15 13:20:40.237529740,L2,2026-03-15 13:41:50.669623690
HLT-07-CS001982,HLT-07,2026-03-15 14:41:37.985946300,CISO,2026-03-15 15:34:17.001377449
HLT-07-CS001982,HLT-07,2026-03-15 19:42:11.103260827,CERT-In,2026-03-15 21:50:56.571282490
HLT-07-CS001982,HLT-07,2026-03-15 19:52:11.103260827,NCIIPC,
HLT-07-CS001987,HLT-07,2026-03-16 01:08:06.861356500,L2,2026-03-16 01:51:52.635545677
HLT-07-CS001990,HLT-07,2026-03-16 04:35:37.309803176,CISO,2026-03-16 05:22:08.754634217
HLT-07-CS001990,HLT-07,2026-03-16 06:26:53.778279340,CERT-In,2026-03-16 07:12:11.159142206
HLT-07-CS001990,HLT-07,2026-03-16 06:36:53.778279340,NCIIPC,
HLT-07-CS001996,HLT-07,2026-03-16 17:04:33.306667528,CERT-In,2026-03-16 17:44:56.199733156
HLT-07-CS001998,HLT-07,2026-03-17 13:21:47.456056326,L2,2026-03-17 13:33:27.725648127
HLT-07-CS002001,HLT-07,2026-03-17 17:40:45.761937444,L2,2026-03-17 18:08:42.929442533
HLT-07-CS002003,HLT-07,2026-03-17 19:47:19.096240507,L2,2026-03-17 19:55:03.593104879
HLT-07-CS002006,HLT-07,2026-03-18 03:46:02.868522098,L2,2026-03-18 04:29:18.098302196
HLT-07-CS002006,HLT-07,2026-03-18 03:33:03.192574389,CERT-In,2026-03-18 04:28:54.248888407
HLT-07-CS002007,HLT-07,2026-03-18 07:17:15.039141652,L2,2026-03-18 08:10:44.708450228
HLT-07-CS002008,HLT-07,2026-03-18 11:18:26.261459636,L2,2026-03-18 11:53:34.742337784
HLT-07-CS002009,HLT-07,2026-03-18 11:01:06.050893602,L2,2026-03-18 11:32:27.974902894
HLT-07-CS002012,HLT-07,2026-03-18 13:51:51.793937448,L2,2026-03-18 14:09:50.595276468
HLT-07-CS002014,HLT-07,2026-03-19 02:18:23.840667928,L2,2026-03-19 03:14:48.875377157
HLT-07-CS002014,HLT-07,2026-03-18 22:31:34.611551361,CERT-In,2026-03-19 00:57:51.607729385
HLT-07-CS002016,HLT-07,2026-03-19 03:44:23.841239182,CISO,2026-03-19 04:30:52.553328876
HLT-07-CS002016,HLT-07,2026-03-19 03:49:46.296028928,CERT-In,2026-03-19 04:50:55.818593186
HLT-07-CS002016,HLT-07,2026-03-19 03:59:46.296028928,NCIIPC,
HLT-07-CS002021,HLT-07,2026-03-19 09:47:11.811767966,L2,2026-03-19 09:54:53.978644717
HLT-07-CS002023,HLT-07,2026-03-19 12:41:24.657653294,L2,2026-03-19 13:37:36.149039595
HLT-07-CS002027,HLT-07,2026-03-19 16:11:14.656452496,CERT-In,2026-03-19 19:30:22.525720678
HLT-07-CS002030,HLT-07,2026-03-19 19:42:10.621071740,L2,2026-03-19 20:33:21.369704915
HLT-07-CS002030,HLT-07,2026-03-19 20:56:16.606258244,CERT-In,2026-03-20 00:55:04.887809808
HLT-07-CS002035,HLT-07,2026-03-20 04:17:39.702843018,L2,2026-03-20 04:34:45.133824061
HLT-07-CS002035,HLT-07,2026-03-20 01:15:42.512078290,CERT-In,2026-03-20 04:51:30.494709571
HLT-07-CS002038,HLT-07,2026-03-20 11:17:11.652628885,L2,2026-03-20 11:23:04.096985868
HLT-07-CS002038,HLT-07,2026-03-20 14:13:04.167547487,CERT-In,2026-03-20 16:12:56.792716719
HLT-07-CS002047,HLT-07,2026-03-21 10:44:22.642772493,L2,2026-03-21 10:50:51.660806568
HLT-07-CS002047,HLT-07,2026-03-21 10:37:27.896984362,CERT-In,2026-03-21 11:32:45.761692723
HLT-07-CS002048,HLT-07,2026-03-21 11:26:26.806716242,CERT-In,2026-03-21 13:25:58.740799040
HLT-07-CS002048,HLT-07,2026-03-21 11:36:26.806716242,NCIIPC,
HLT-07-CS002051,HLT-07,2026-03-21 14:22:21.094618325,L2,2026-03-21 15:19:08.024134043
HLT-07-CS002051,HLT-07,2026-03-21 15:24:29.141944714,CERT-In,2026-03-21 16:15:11.798863043
HLT-07-CS002052,HLT-07,2026-03-21 14:23:08.326599578,L2,2026-03-21 14:53:16.306597684
HLT-07-CS002055,HLT-07,2026-03-21 18:43:38.241278212,L2,2026-03-21 19:29:20.423950319
HLT-07-CS002055,HLT-07,2026-03-21 18:59:32.981045583,CERT-In,2026-03-21 22:16:09.674351793
HLT-07-CS002056,HLT-07,2026-03-21 23:34:25.022536055,L2,2026-03-21 23:49:31.670996914
HLT-07-CS002056,HLT-07,2026-03-21 21:09:08.141628320,CERT-In,2026-03-22 00:22:40.977554153
HLT-07-CS002057,HLT-07,2026-03-22 01:34:20.995184508,L2,2026-03-22 01:43:37.272125470
HLT-07-CS002062,HLT-07,2026-03-22 15:29:31.771898644,L2,2026-03-22 16:21:40.784053844
HLT-07-CS002062,HLT-07,2026-03-22 13:36:19.942884264,CERT-In,2026-03-22 14:10:25.157194485
HLT-07-CS002074,HLT-07,2026-03-23 09:24:15.362129942,CISO,2026-03-23 10:22:39.604721651
HLT-07-CS002074,HLT-07,2026-03-23 10:53:54.296768566,CERT-In,2026-03-23 13:50:20.918979296
HLT-07-CS002074,HLT-07,2026-03-23 11:03:54.296768566,NCIIPC,
HLT-07-CS002077,HLT-07,2026-03-23 09:58:37.701817958,L2,2026-03-23 10:54:24.453937780
HLT-07-CS002081,HLT-07,2026-03-23 15:26:00.982659942,CISO,2026-03-23 16:19:50.404258477
HLT-07-CS002081,HLT-07,2026-03-23 17:32:13.674660341,CERT-In,2026-03-23 20:49:49.501113921
HLT-07-CS002081,HLT-07,2026-03-23 17:42:13.674660341,NCIIPC,
HLT-07-CS002088,HLT-07,2026-03-24 17:16:47.528616674,L2,2026-03-24 17:42:39.061756298
HLT-07-CS002091,HLT-07,2026-03-24 18:25:35.488535474,L2,2026-03-24 18:58:20.489934000
HLT-07-CS002091,HLT-07,2026-03-24 18:15:46.528868071,CERT-In,2026-03-24 22:07:47.648163919
HLT-07-CS002093,HLT-07,2026-03-24 20:01:01.820536796,L2,2026-03-24 20:31:59.254762283
HLT-07-CS002093,HLT-07,2026-03-24 20:37:47.914676822,CERT-In,2026-03-24 21:48:49.346735022
HLT-07-CS002097,HLT-07,2026-03-24 20:16:34.663062081,L2,2026-03-24 20:57:43.906772952
HLT-07-CS002098,HLT-07,2026-03-24 22:32:19.205456958,L2,2026-03-24 23:02:55.169008793
HLT-07-CS002098,HLT-07,2026-03-24 20:36:31.268384276,CERT-In,2026-03-24 22:45:45.718057240
HLT-07-CS002106,HLT-07,2026-03-25 12:34:30.461996166,L2,2026-03-25 12:50:48.016420562
HLT-07-CS002108,HLT-07,2026-03-25 15:47:19.453168648,CISO,2026-03-25 16:33:00.660571159
HLT-07-CS002108,HLT-07,2026-03-25 19:26:06.862766005,CERT-In,2026-03-25 21:49:24.586161384
HLT-07-CS002108,HLT-07,2026-03-25 19:36:06.862766005,NCIIPC,
HLT-07-CS002113,HLT-07,2026-03-26 07:57:32.350221017,L2,2026-03-26 08:40:49.640948486
HLT-07-CS002121,HLT-07,2026-03-26 21:04:11.664896204,L2,2026-03-26 21:10:00.396098413
HLT-07-CS002121,HLT-07,2026-03-27 04:34:27.128302783,CERT-In,2026-03-27 05:38:44.747588548
HLT-07-CS002122,HLT-07,2026-03-27 02:21:34.825427670,CISO,2026-03-27 02:43:32.402279464
HLT-07-CS002122,HLT-07,2026-03-27 04:00:37.183072245,CERT-In,2026-03-27 04:52:12.911834014
HLT-07-CS002122,HLT-07,2026-03-27 04:10:37.183072245,NCIIPC,
HLT-07-CS002124,HLT-07,2026-03-27 13:51:32.559907254,L2,2026-03-27 14:07:05.585407038
HLT-07-CS002125,HLT-07,2026-03-27 11:58:47.680327872,L2,2026-03-27 12:18:00.030288611
HLT-07-CS002129,HLT-07,2026-03-27 17:15:55.801845598,CISO,2026-03-27 17:47:32.094905229
HLT-07-CS002129,HLT-07,2026-03-27 15:22:33.231656052,CERT-In,2026-03-27 18:58:20.428595652
HLT-07-CS002129,HLT-07,2026-03-27 15:32:33.231656052,NCIIPC,
HLT-07-CS002139,HLT-07,2026-03-28 05:02:22.859592195,L2,2026-03-28 05:45:08.958601190
HLT-07-CS002140,HLT-07,2026-03-28 08:30:41.208619877,L2,2026-03-28 08:58:27.074312733
HLT-07-CS002147,HLT-07,2026-03-28 20:07:21.371961898,CISO,2026-03-28 20:16:26.314291981
HLT-07-CS002147,HLT-07,2026-03-28 17:38:11.892901158,CERT-In,2026-03-28 21:23:09.163041431
HLT-07-CS002147,HLT-07,2026-03-28 17:48:11.892901158,NCIIPC,
HLT-07-CS002162,HLT-07,2026-03-29 12:06:31.812853955,L2,2026-03-29 12:48:06.665184012
HLT-07-CS002163,HLT-07,2026-03-29 13:53:01.141963158,L2,2026-03-29 14:36:40.485572092
HLT-07-CS002165,HLT-07,2026-03-29 16:48:21.532424284,L2,2026-03-29 17:01:20.566066376
HLT-07-CS002165,HLT-07,2026-03-29 18:22:14.557991894,CERT-In,2026-03-29 20:01:20.391617603
HLT-07-CS002169,HLT-07,2026-03-29 22:48:48.897892376,L2,2026-03-29 23:16:12.626334984
HLT-07-CS002174,HLT-07,2026-03-30 16:55:12.859646327,L2,2026-03-30 17:28:55.845515361
HLT-07-CS002174,HLT-07,2026-03-30 11:26:16.806770600,CERT-In,2026-03-30 13:46:44.543908458
HLT-07-CS002178,HLT-07,2026-03-30 15:39:13.829527824,L2,2026-03-30 15:46:14.835612567
HLT-07-CS002178,HLT-07,2026-03-30 14:38:33.250431660,CERT-In,2026-03-30 16:52:57.367814794
HLT-07-CS002180,HLT-07,2026-03-30 18:34:37.380070930,L2,2026-03-30 19:00:14.446695003
HLT-07-CS002183,HLT-07,2026-03-31 10:33:20.624148963,CISO,2026-03-31 10:40:47.286079734
HLT-07-CS002183,HLT-07,2026-03-31 11:44:33.980671009,CERT-In,2026-03-31 15:42:57.008495341
HLT-07-CS002183,HLT-07,2026-03-31 11:54:33.980671009,NCIIPC,
HLT-07-CS002190,HLT-07,2026-03-31 17:44:37.475823719,L2,2026-03-31 18:05:39.748672497
HLT-07-CS002190,HLT-07,2026-03-31 18:25:10.493435567,CERT-In,2026-03-31 19:01:49.065682095
HLT-07-CS002191,HLT-07,2026-03-31 19:50:41.837597299,CERT-In,2026-03-31 20:50:58.310087539
HLT-07-CS002192,HLT-07,2026-04-01 00:39:17.593258756,L2,2026-04-01 01:13:17.347425761
HLT-07-CS002193,HLT-07,2026-03-31 23:28:22.727745232,L2,2026-04-01 00:12:58.086266879
HLT-07-CS002193,HLT-07,2026-04-01 01:29:41.955408515,CERT-In,2026-04-01 05:18:37.881985121
HLT-07-CS002195,HLT-07,2026-04-01 09:49:29.022140192,L2,2026-04-01 10:40:37.540739996
HLT-07-CS002196,HLT-07,2026-04-01 10:58:52.354114801,L2,2026-04-01 11:08:19.090771740
HLT-07-CS002196,HLT-07,2026-04-01 10:32:11.083498580,CERT-In,2026-04-01 12:33:01.142877846
HLT-07-CS002198,HLT-07,2026-04-01 11:09:29.837604238,L2,2026-04-01 11:46:28.277693819
HLT-07-CS002198,HLT-07,2026-04-01 10:55:17.100732814,CERT-In,2026-04-01 12:50:14.601422547
HLT-07-CS002200,HLT-07,2026-04-01 15:12:32.155952628,CISO,2026-04-01 15:19:34.758500257
HLT-07-CS002200,HLT-07,2026-04-01 17:24:29.897624201,CERT-In,2026-04-01 18:02:07.842227844
HLT-07-CS002200,HLT-07,2026-04-01 17:34:29.897624201,NCIIPC,
HLT-07-CS002201,HLT-07,2026-04-01 12:24:22.976671925,L2,2026-04-01 12:33:51.500429392
HLT-07-CS002201,HLT-07,2026-04-01 14:06:31.700791371,CERT-In,2026-04-01 14:56:24.042121414
HLT-07-CS002208,HLT-07,2026-04-01 17:09:37.024978538,L2,2026-04-01 17:48:17.069339474
HLT-07-CS002208,HLT-07,2026-04-01 17:59:59.533917993,CERT-In,2026-04-01 21:25:28.310671312
HLT-07-CS002217,HLT-07,2026-04-02 12:03:51.148621923,L2,2026-04-02 12:53:22.313221617
HLT-07-CS002219,HLT-07,2026-04-02 19:01:05.869656062,L2,2026-04-02 19:38:53.324466362
HLT-07-CS002219,HLT-07,2026-04-02 19:09:54.283991210,CERT-In,2026-04-02 20:58:54.561602978
HLT-07-CS002220,HLT-07,2026-04-02 22:13:16.173781086,CISO,2026-04-02 22:47:29.467288788
HLT-07-CS002220,HLT-07,2026-04-02 21:11:59.637784969,CERT-In,2026-04-03 00:52:32.039105271
HLT-07-CS002220,HLT-07,2026-04-02 21:21:59.637784969,NCIIPC,
HLT-07-CS002222,HLT-07,2026-04-02 19:28:03.706549412,L2,2026-04-02 19:48:24.510110675
HLT-07-CS002222,HLT-07,2026-04-02 18:36:49.175261911,CERT-In,2026-04-02 20:33:33.611467628
HLT-07-CS002225,HLT-07,2026-04-03 05:14:23.945481873,L2,2026-04-03 06:07:14.855913738
HLT-07-CS002226,HLT-07,2026-04-03 07:58:04.515558114,CERT-In,2026-04-03 10:44:40.905305559
HLT-07-CS002226,HLT-07,2026-04-03 08:08:04.515558114,NCIIPC,
HLT-07-CS002229,HLT-07,2026-04-03 11:50:06.796760126,L2,2026-04-03 12:24:33.833500421
HLT-07-CS002233,HLT-07,2026-04-03 11:27:25.801317478,CISO,2026-04-03 12:13:27.657735756
HLT-07-CS002245,HLT-07,2026-04-03 20:25:59.148586233,L2,2026-04-03 20:47:14.234936453
HLT-07-CS002245,HLT-07,2026-04-03 19:53:29.492675181,CERT-In,2026-04-03 22:31:24.447267044
HLT-07-CS002246,HLT-07,2026-04-03 22:12:45.272459553,CERT-In,2026-04-04 01:21:54.991159447
HLT-07-CS002246,HLT-07,2026-04-03 22:22:45.272459553,NCIIPC,
HLT-07-CS002255,HLT-07,2026-04-04 12:40:19.369819606,L2,2026-04-04 13:14:13.528401477
HLT-07-CS002270,HLT-07,2026-04-05 18:21:59.636180384,L2,2026-04-05 19:09:27.908757072
HLT-07-CS002272,HLT-07,2026-04-05 21:03:32.855172232,L2,2026-04-05 21:41:57.341711548
HLT-07-CS002272,HLT-07,2026-04-05 22:33:13.388007223,CERT-In,2026-04-06 02:32:19.426809797
HLT-07-CS002273,HLT-07,2026-04-05 21:15:20.892989101,CERT-In,2026-04-05 22:41:01.475711572
HLT-07-CS002273,HLT-07,2026-04-05 21:25:20.892989101,NCIIPC,
HLT-07-CS002276,HLT-07,2026-04-06 05:14:55.110191218,CERT-In,2026-04-06 08:29:38.699836407
HLT-07-CS002279,HLT-07,2026-04-06 12:37:42.116583220,CISO,2026-04-06 12:58:32.438561833
HLT-07-CS002279,HLT-07,2026-04-06 13:45:32.816462133,CERT-In,2026-04-06 15:57:54.849062073
HLT-07-CS002279,HLT-07,2026-04-06 13:55:32.816462133,NCIIPC,
HLT-07-CS002280,HLT-07,2026-04-06 13:19:34.689154356,L2,2026-04-06 13:45:22.517614805
HLT-07-CS002280,HLT-07,2026-04-06 13:45:42.331081491,CERT-In,2026-04-06 15:54:24.012733258
HLT-07-CS002293,HLT-07,2026-04-07 15:28:23.273586102,L2,2026-04-07 16:12:08.382958245
HLT-07-CS002294,HLT-07,2026-04-07 18:27:48.982604532,CERT-In,2026-04-07 19:17:49.131032712
HLT-07-CS002294,HLT-07,2026-04-07 18:37:48.982604532,NCIIPC,
HLT-07-CS002295,HLT-07,2026-04-08 01:33:39.972627618,L2,2026-04-08 01:57:36.078324688
HLT-07-CS002296,HLT-07,2026-04-08 01:56:55.319211030,L2,2026-04-08 02:33:50.307913072
HLT-07-CS002297,HLT-07,2026-04-08 04:19:37.809091430,L2,2026-04-08 04:52:08.938211912
HLT-07-CS002300,HLT-07,2026-04-08 07:02:04.168169592,L2,2026-04-08 07:20:20.708954347
HLT-07-CS002301,HLT-07,2026-04-08 10:20:45.022848492,CISO,2026-04-08 10:55:26.011535523
HLT-07-CS002301,HLT-07,2026-04-08 10:51:55.854152972,CERT-In,2026-04-08 11:42:33.783293649
HLT-07-CS002301,HLT-07,2026-04-08 11:01:55.854152972,NCIIPC,
HLT-07-CS002305,HLT-07,2026-04-08 14:30:51.018892682,L2,2026-04-08 15:29:44.363870409
HLT-07-CS002311,HLT-07,2026-04-08 23:02:54.374763325,L2,2026-04-08 23:08:59.682644843
HLT-07-CS002317,HLT-07,2026-04-09 10:28:19.934064102,L2,2026-04-09 10:43:18.882845266
HLT-07-CS002319,HLT-07,2026-04-09 14:08:55.389878412,CERT-In,2026-04-09 15:21:35.235954705
HLT-07-CS002320,HLT-07,2026-04-09 15:35:40.945045170,L2,2026-04-09 16:05:19.101774817
HLT-07-CS002322,HLT-07,2026-04-09 22:32:32.078561476,L2,2026-04-09 22:44:19.746412635
HLT-07-CS002323,HLT-07,2026-04-09 21:41:07.292667119,CERT-In,2026-04-10 00:40:32.108429080
HLT-07-CS002323,HLT-07,2026-04-09 21:51:07.292667119,NCIIPC,
HLT-07-CS002325,HLT-07,2026-04-09 22:05:00.408717236,CERT-In,2026-04-09 23:23:38.435658848
HLT-07-CS002325,HLT-07,2026-04-09 22:15:00.408717236,NCIIPC,
HLT-07-CS002330,HLT-07,2026-04-10 06:42:50.648009342,L2,2026-04-10 07:26:26.181265452
HLT-07-CS002330,HLT-07,2026-04-10 06:10:21.964585389,CERT-In,2026-04-10 07:23:40.144791101
HLT-07-CS002332,HLT-07,2026-04-10 14:14:36.768246282,L2,2026-04-10 14:40:12.197184646
HLT-07-CS002333,HLT-07,2026-04-10 09:42:50.802302046,L2,2026-04-10 10:28:08.752399357
HLT-07-CS002334,HLT-07,2026-04-10 12:46:53.946083148,L2,2026-04-10 13:38:14.677922489
HLT-07-CS002338,HLT-07,2026-04-10 19:48:52.116108450,CISO,2026-04-10 20:37:16.193995299
HLT-07-CS002338,HLT-07,2026-04-10 20:28:51.453402835,CERT-In,2026-04-10 23:47:43.453735844
HLT-07-CS002338,HLT-07,2026-04-10 20:38:51.453402835,NCIIPC,
HLT-07-CS002340,HLT-07,2026-04-10 23:01:39.144237038,CISO,2026-04-10 23:34:05.445195890
HLT-07-CS002340,HLT-07,2026-04-10 22:48:51.114140659,CERT-In,2026-04-11 01:16:42.441407241
HLT-07-CS002340,HLT-07,2026-04-10 22:58:51.114140659,NCIIPC,
HLT-07-CS002345,HLT-07,2026-04-11 14:22:46.506241171,CERT-In,2026-04-11 16:47:17.927676143
HLT-07-CS002348,HLT-07,2026-04-11 16:12:29.358414679,L2,2026-04-11 16:29:22.818959380
HLT-07-CS002352,HLT-07,2026-04-11 19:10:05.319618818,L2,2026-04-11 19:44:00.374341607
HLT-07-CS002359,HLT-07,2026-04-12 16:55:39.970420299,L2,2026-04-12 17:34:56.762892206
HLT-07-CS002359,HLT-07,2026-04-12 13:15:00.691600990,CERT-In,2026-04-12 16:01:22.252813241
HLT-07-CS002360,HLT-07,2026-04-12 14:17:27.736315398,L2,2026-04-12 15:10:28.267175357
HLT-07-CS002363,HLT-07,2026-04-12 16:36:24.374135980,L2,2026-04-12 16:44:37.372664245
HLT-07-CS002363,HLT-07,2026-04-12 19:53:27.928444671,CERT-In,2026-04-12 20:46:26.801032434
HLT-07-CS002369,HLT-07,2026-04-13 18:05:17.502244223,L2,2026-04-13 18:16:04.930954403
HLT-07-CS002379,HLT-07,2026-04-14 01:53:08.070634246,CISO,2026-04-14 02:33:21.016489954
HLT-07-CS002379,HLT-07,2026-04-13 17:02:01.469431856,CERT-In,2026-04-13 18:33:44.090672940
HLT-07-CS002379,HLT-07,2026-04-13 17:12:01.469431856,NCIIPC,
HLT-07-CS002387,HLT-07,2026-04-14 14:43:14.055280564,L2,2026-04-14 15:04:40.405087780
HLT-07-CS002393,HLT-07,2026-04-15 00:09:52.756156924,L2,2026-04-15 00:29:45.853363081
HLT-07-CS002393,HLT-07,2026-04-14 18:19:22.392453533,CERT-In,2026-04-14 21:45:44.544498507
HLT-07-CS002394,HLT-07,2026-04-14 19:44:14.009279107,CISO,2026-04-14 20:17:19.596762354
HLT-07-CS002394,HLT-07,2026-04-14 19:49:34.305459705,CERT-In,2026-04-14 23:02:39.858473144
HLT-07-CS002394,HLT-07,2026-04-14 19:59:34.305459705,NCIIPC,
HLT-07-CS002396,HLT-07,2026-04-15 00:56:42.691259961,L2,2026-04-15 01:53:36.568784476
HLT-07-CS002400,HLT-07,2026-04-15 12:32:19.685223788,L2,2026-04-15 12:40:03.668781172
HLT-07-CS002400,HLT-07,2026-04-15 11:39:19.002363322,CERT-In,2026-04-15 13:49:46.947532378
HLT-07-CS002401,HLT-07,2026-04-15 14:17:33.060329904,L2,2026-04-15 14:25:11.963414882
HLT-07-CS002403,HLT-07,2026-04-15 12:38:37.637907502,L2,2026-04-15 13:32:13.367245138
HLT-07-CS002406,HLT-07,2026-04-15 19:30:35.005205328,L2,2026-04-15 20:12:03.015862306
HLT-07-CS002406,HLT-07,2026-04-15 20:57:38.797779891,CERT-In,2026-04-15 21:48:50.237174716
HLT-07-CS002407,HLT-07,2026-04-15 19:18:22.095453329,L2,2026-04-15 19:42:44.576165998
HLT-07-CS002409,HLT-07,2026-04-16 09:21:07.474892740,L2,2026-04-16 10:11:54.926957158
HLT-07-CS002411,HLT-07,2026-04-16 10:48:02.159434976,L2,2026-04-16 10:59:46.742038348
HLT-07-CS002411,HLT-07,2026-04-16 10:43:29.489332936,CERT-In,2026-04-16 13:44:30.241366373
HLT-07-CS002417,HLT-07,2026-04-17 09:44:34.483501328,CISO,2026-04-17 10:41:18.279171265
HLT-07-CS002417,HLT-07,2026-04-17 06:56:23.377443608,CERT-In,2026-04-17 09:05:08.002640212
HLT-07-CS002417,HLT-07,2026-04-17 07:06:23.377443608,NCIIPC,
HLT-07-CS002420,HLT-07,2026-04-17 13:09:07.679477974,L2,2026-04-17 13:47:06.684651633
HLT-07-CS002420,HLT-07,2026-04-17 12:03:00.096853990,CERT-In,2026-04-17 15:44:28.414188924
HLT-07-CS002429,HLT-07,2026-04-18 10:34:02.207212988,L2,2026-04-18 11:19:59.592294646
HLT-07-CS002429,HLT-07,2026-04-18 10:57:29.814623781,CERT-In,2026-04-18 13:07:56.028461814
HLT-07-CS002434,HLT-07,2026-04-18 15:57:08.376152115,L2,2026-04-18 16:53:28.633191270
HLT-07-CS002434,HLT-07,2026-04-18 14:23:36.378582150,CERT-In,2026-04-18 18:00:24.105477760
HLT-07-CS002445,HLT-07,2026-04-19 08:28:08.244053337,L2,2026-04-19 09:19:54.778827464
HLT-07-CS002445,HLT-07,2026-04-19 11:37:36.702563297,CERT-In,2026-04-19 12:29:54.182224194
HLT-07-CS002447,HLT-07,2026-04-19 09:50:22.908380172,L2,2026-04-19 09:58:53.136540791
HLT-07-CS002448,HLT-07,2026-04-19 10:30:51.441199396,L2,2026-04-19 11:17:21.979269537
HLT-07-CS002458,HLT-07,2026-04-20 18:09:11.121810262,L2,2026-04-20 19:03:11.785061425
HLT-07-CS002463,HLT-07,2026-04-20 17:17:41.375911936,L2,2026-04-20 17:25:40.890206555
HLT-07-CS002466,HLT-07,2026-04-20 17:41:55.443352383,L2,2026-04-20 17:47:28.174068610
HLT-07-CS002467,HLT-07,2026-04-20 21:30:43.915369284,L2,2026-04-20 22:06:19.752734071
HLT-07-CS002472,HLT-07,2026-04-21 20:14:29.441089722,L2,2026-04-21 20:27:59.758864077
HLT-07-CS002475,HLT-07,2026-04-22 10:21:25.193868317,L2,2026-04-22 11:10:58.136163207
HLT-07-CS002479,HLT-07,2026-04-22 15:04:12.512044892,CISO,2026-04-22 15:15:28.591485486
HLT-07-CS002479,HLT-07,2026-04-22 22:06:37.622474213,CERT-In,2026-04-22 23:31:44.286417301
HLT-07-CS002479,HLT-07,2026-04-22 22:16:37.622474213,NCIIPC,
HLT-07-CS002485,HLT-07,2026-04-22 19:54:21.286920637,CISO,2026-04-22 20:37:34.546345809
HLT-07-CS002492,HLT-07,2026-04-23 17:52:15.791864474,L2,2026-04-23 18:23:40.357054783
HLT-07-CS002493,HLT-07,2026-04-24 13:30:08.821978161,L2,2026-04-24 14:25:54.041676289
HLT-07-CS002493,HLT-07,2026-04-24 10:45:10.306938295,CERT-In,2026-04-24 11:27:06.718363100
HLT-07-CS002496,HLT-07,2026-04-24 14:34:03.383491607,CERT-In,2026-04-24 17:32:23.607223034
HLT-07-CS002496,HLT-07,2026-04-24 14:44:03.383491607,NCIIPC,
HLT-07-CS002497,HLT-07,2026-04-24 15:46:24.196890786,L2,2026-04-24 16:04:37.190501419
HLT-07-CS002501,HLT-07,2026-04-24 18:41:31.359374111,L2,2026-04-24 19:35:32.761954010
HLT-07-CS002502,HLT-07,2026-04-24 20:19:24.682541205,CERT-In,2026-04-24 22:43:39.257570684
HLT-07-CS002502,HLT-07,2026-04-24 20:29:24.682541205,NCIIPC,
HLT-07-CS002505,HLT-07,2026-04-25 09:20:03.595232755,CERT-In,2026-04-25 09:59:34.340846026
HLT-07-CS002505,HLT-07,2026-04-25 09:30:03.595232755,NCIIPC,
HLT-07-CS002506,HLT-07,2026-04-25 10:29:30.089787810,L2,2026-04-25 10:56:56.396823828
HLT-07-CS002506,HLT-07,2026-04-25 11:50:07.070734809,CERT-In,2026-04-25 13:32:49.140398007
HLT-07-CS002507,HLT-07,2026-04-25 13:09:31.070830483,CERT-In,2026-04-25 13:47:50.281573679
HLT-07-CS002508,HLT-07,2026-04-25 13:31:37.081248214,L2,2026-04-25 13:40:32.041770326
HLT-07-CS002510,HLT-07,2026-04-25 16:07:19.261034936,L2,2026-04-25 17:05:02.431074588
HLT-07-CS002510,HLT-07,2026-04-25 16:16:25.561302820,CERT-In,2026-04-25 18:10:38.795843039
HLT-07-CS002512,HLT-07,2026-04-25 15:44:00.401596224,L2,2026-04-25 16:08:42.541950968
HLT-07-CS002517,HLT-07,2026-04-26 00:14:50.208946685,CISO,2026-04-26 00:25:50.622936520
HLT-07-CS002517,HLT-07,2026-04-26 02:31:12.062920798,CERT-In,2026-04-26 04:10:34.552442347
HLT-07-CS002517,HLT-07,2026-04-26 02:41:12.062920798,NCIIPC,
HLT-07-CS002518,HLT-07,2026-04-26 01:39:33.796478641,CERT-In,2026-04-26 04:46:29.944700848
HLT-07-CS002518,HLT-07,2026-04-26 01:49:33.796478641,NCIIPC,
HLT-07-CS002520,HLT-07,2026-04-26 13:43:44.086227597,L2,2026-04-26 14:32:37.921011122
HLT-07-CS002527,HLT-07,2026-04-27 00:21:49.925239130,L2,2026-04-27 00:57:23.580915794
HLT-07-CS002527,HLT-07,2026-04-26 19:09:23.193334989,CERT-In,2026-04-26 20:29:57.994866337
HLT-07-CS002537,HLT-07,2026-04-27 14:52:25.405766592,L2,2026-04-27 15:00:19.488199421
HLT-07-CS002543,HLT-07,2026-04-27 20:33:18.354239231,CERT-In,2026-04-27 23:18:21.184869104
HLT-07-CS002553,HLT-07,2026-04-28 18:53:59.240882604,L2,2026-04-28 19:42:27.050318576
HLT-07-CS002553,HLT-07,2026-04-28 19:42:59.831921634,CERT-In,2026-04-28 23:27:13.488506029
HLT-07-CS002554,HLT-07,2026-04-28 23:34:24.439517487,L2,2026-04-29 00:01:22.467721455
HLT-07-CS002554,HLT-07,2026-04-28 20:59:32.136750777,CERT-In,2026-04-28 23:38:23.808864385
HLT-07-CS002557,HLT-07,2026-04-29 10:08:26.389143937,CERT-In,2026-04-29 11:52:42.427717301
HLT-07-CS002557,HLT-07,2026-04-29 10:18:26.389143937,NCIIPC,
HLT-07-CS002561,HLT-07,2026-04-29 12:39:02.349652116,L2,2026-04-29 12:55:57.966090495
HLT-07-CS002563,HLT-07,2026-04-29 16:10:31.124405056,CISO,2026-04-29 16:39:09.766038377
HLT-07-CS002563,HLT-07,2026-04-29 16:04:51.294234000,CERT-In,2026-04-29 18:22:32.797745922
HLT-07-CS002563,HLT-07,2026-04-29 16:14:51.294234000,NCIIPC,
HLT-07-CS002565,HLT-07,2026-04-29 17:25:31.768128218,L2,2026-04-29 17:49:47.710153064
HLT-07-CS002568,HLT-07,2026-04-29 18:38:36.045604540,CISO,2026-04-29 18:51:58.416959141
HLT-07-CS002568,HLT-07,2026-04-29 19:11:49.140885334,CERT-In,2026-04-29 22:57:02.496185695
HLT-07-CS002568,HLT-07,2026-04-29 19:21:49.140885334,NCIIPC,
HLT-07-CS002569,HLT-07,2026-04-29 19:43:39.493466700,L2,2026-04-29 20:43:22.275428381
HLT-07-CS002570,HLT-07,2026-04-29 18:56:02.247329960,CISO,2026-04-29 19:18:19.050123168
HLT-07-CS002570,HLT-07,2026-04-29 23:17:00.462666412,CERT-In,2026-04-30 01:28:50.336881566
HLT-07-CS002570,HLT-07,2026-04-29 23:27:00.462666412,NCIIPC,
HLT-07-CS002579,HLT-07,2026-04-30 22:56:53.057479966,L2,2026-04-30 23:11:11.894194336
HLT-07-CS002579,HLT-07,2026-04-30 21:37:50.720223224,CERT-In,2026-04-30 23:45:17.234542681
HLT-07-CS002584,HLT-07,2026-05-01 10:33:23.846810892,L2,2026-05-01 11:31:46.354266681
HLT-07-CS002590,HLT-07,2026-05-02 08:42:03.920393238,L2,2026-05-02 08:54:45.698290418
HLT-07-CS002602,HLT-07,2026-05-02 20:12:09.565673202,CERT-In,2026-05-02 22:42:59.147631594
HLT-07-CS002602,HLT-07,2026-05-02 20:22:09.565673202,NCIIPC,
HLT-07-CS002603,HLT-07,2026-05-02 17:39:42.904608631,CERT-In,2026-05-02 18:12:05.042129059
HLT-07-CS002613,HLT-07,2026-05-03 11:08:23.958643434,L2,2026-05-03 11:29:18.871363098
HLT-07-CS002615,HLT-07,2026-05-03 14:24:59.773122865,L2,2026-05-03 14:49:48.271516686
HLT-07-CS002615,HLT-07,2026-05-03 13:55:20.675545785,CERT-In,2026-05-03 15:23:12.303803624
HLT-07-CS002620,HLT-07,2026-05-03 20:28:56.043355956,L2,2026-05-03 20:51:37.205992950
HLT-07-CS002631,HLT-07,2026-05-05 20:22:33.561494112,L2,2026-05-05 20:32:02.414225908
HLT-07-CS002641,HLT-07,2026-05-06 18:43:27.662863020,L2,2026-05-06 19:07:12.255280386
HLT-07-CS002647,HLT-07,2026-05-07 01:27:02.115826538,L2,2026-05-07 02:08:25.186617404
HLT-07-CS002655,HLT-07,2026-05-07 14:54:14.717378100,L2,2026-05-07 15:14:40.812601116
HLT-07-CS002659,HLT-07,2026-05-07 20:17:20.875887656,L2,2026-05-07 20:23:16.831330942
HLT-07-CS002659,HLT-07,2026-05-07 21:56:55.634973561,CERT-In,2026-05-07 22:36:56.605261196
HLT-07-CS002664,HLT-07,2026-05-07 20:07:51.909435481,CISO,2026-05-07 21:01:00.274942514
HLT-07-CS002664,HLT-07,2026-05-08 00:08:21.987290635,CERT-In,2026-05-08 02:16:07.054983778
HLT-07-CS002664,HLT-07,2026-05-08 00:18:21.987290635,NCIIPC,
HLT-07-CS002666,HLT-07,2026-05-08 10:20:37.735615284,L2,2026-05-08 10:50:31.458269794
HLT-07-CS002667,HLT-07,2026-05-08 06:21:06.080642642,L2,2026-05-08 07:10:09.056468550
HLT-07-CS002670,HLT-07,2026-05-08 15:28:35.572853485,L2,2026-05-08 16:03:06.232900996
HLT-07-CS002670,HLT-07,2026-05-08 13:13:20.888674073,CERT-In,2026-05-08 14:44:54.882204161
HLT-07-CS002672,HLT-07,2026-05-08 15:18:06.963573278,CISO,2026-05-08 16:17:34.336872808
HLT-07-CS002672,HLT-07,2026-05-08 19:07:02.329640958,CERT-In,2026-05-08 21:09:12.841995792
HLT-07-CS002672,HLT-07,2026-05-08 19:17:02.329640958,NCIIPC,
HLT-07-CS002677,HLT-07,2026-05-08 17:41:06.544962048,CERT-In,2026-05-08 19:13:32.154487032
HLT-07-CS002679,HLT-07,2026-05-08 21:46:52.390173152,CERT-In,2026-05-08 23:38:03.804275858
HLT-07-CS002687,HLT-07,2026-05-09 16:16:06.104604816,L2,2026-05-09 17:11:47.866781236
HLT-07-CS002692,HLT-07,2026-05-10 00:32:58.980065628,L2,2026-05-10 01:26:52.077822948
HLT-07-CS002693,HLT-07,2026-05-10 03:55:53.342140472,CERT-In,2026-05-10 06:57:45.952976673
HLT-07-CS002693,HLT-07,2026-05-10 04:05:53.342140472,NCIIPC,
HLT-07-CS002695,HLT-07,2026-05-10 13:30:11.935496176,L2,2026-05-10 13:49:01.985389015
HLT-07-CS002695,HLT-07,2026-05-10 12:25:24.737670338,CERT-In,2026-05-10 13:11:45.781316344
HLT-07-CS002696,HLT-07,2026-05-10 22:40:34.568591060,L2,2026-05-10 23:14:04.994892480
HLT-07-CS002696,HLT-07,2026-05-10 11:54:19.773893988,CERT-In,2026-05-10 14:12:03.313557369
HLT-07-CS002699,HLT-07,2026-05-10 13:17:51.971283852,CISO,2026-05-10 13:30:22.390970978
HLT-07-CS002699,HLT-07,2026-05-10 13:54:04.019486628,CERT-In,2026-05-10 17:17:10.415437252
HLT-07-CS002699,HLT-07,2026-05-10 14:04:04.019486628,NCIIPC,
HLT-07-CS002703,HLT-07,2026-05-10 17:07:48.359475400,CISO,2026-05-10 17:20:15.458642680
HLT-07-CS002703,HLT-07,2026-05-10 23:25:06.605147312,CERT-In,2026-05-10 23:58:49.215347194
HLT-07-CS002703,HLT-07,2026-05-10 23:35:06.605147312,NCIIPC,
HLT-07-CS002708,HLT-07,2026-05-10 23:34:46.556770232,L2,2026-05-10 23:44:47.250670907
HLT-07-CS002708,HLT-07,2026-05-11 00:53:19.840948376,CERT-In,2026-05-11 02:12:58.787118483
HLT-07-CS002713,HLT-07,2026-05-11 10:53:36.298594344,L2,2026-05-11 11:17:49.423651097
HLT-07-CS002716,HLT-07,2026-05-11 11:36:56.183487982,L2,2026-05-11 11:52:03.912085887
HLT-07-CS002729,HLT-07,2026-05-12 15:01:50.887573040,CERT-In,2026-05-12 17:59:29.764721820
HLT-07-CS002731,HLT-07,2026-05-12 15:04:11.046895039,L2,2026-05-12 15:53:04.444152378
HLT-07-CS002732,HLT-07,2026-05-12 15:03:21.864221848,L2,2026-05-12 15:09:54.185211449
HLT-07-CS002740,HLT-07,2026-05-13 04:22:51.722975560,L2,2026-05-13 04:42:47.513476851
HLT-07-CS002744,HLT-07,2026-05-13 12:53:34.752063582,L2,2026-05-13 13:20:46.461749867
HLT-07-CS002744,HLT-07,2026-05-13 12:16:26.379966515,CERT-In,2026-05-13 15:09:01.467143425
HLT-07-CS002747,HLT-07,2026-05-13 13:54:30.727523111,CISO,2026-05-13 14:12:00.201043237
HLT-07-CS002747,HLT-07,2026-05-13 21:59:22.301155554,CERT-In,2026-05-14 00:59:10.527740174
HLT-07-CS002747,HLT-07,2026-05-13 22:09:22.301155554,NCIIPC,
HLT-07-CS002748,HLT-07,2026-05-13 14:03:17.551647449,CISO,2026-05-13 14:22:34.473953755
HLT-07-CS002748,HLT-07,2026-05-13 15:46:58.712172194,CERT-In,2026-05-13 19:31:27.999331724
HLT-07-CS002748,HLT-07,2026-05-13 15:56:58.712172194,NCIIPC,
HLT-07-CS002752,HLT-07,2026-05-13 22:47:26.662664313,L2,2026-05-13 22:55:04.382545866
HLT-07-CS002752,HLT-07,2026-05-13 19:28:51.200988648,CERT-In,2026-05-13 20:59:27.108697947
HLT-07-CS002756,HLT-07,2026-05-14 10:10:40.339232580,L2,2026-05-14 11:10:26.454476676
HLT-07-CS002756,HLT-07,2026-05-14 13:40:08.194968378,CERT-In,2026-05-14 16:23:19.640033643
HLT-07-CS002761,HLT-07,2026-05-14 18:24:21.882316940,CISO,2026-05-14 19:23:18.515891867
HLT-07-CS002761,HLT-07,2026-05-14 20:04:03.502322226,CERT-In,2026-05-14 21:28:52.894906640
HLT-07-CS002761,HLT-07,2026-05-14 20:14:03.502322226,NCIIPC,
HLT-07-CS002770,HLT-07,2026-05-15 05:47:24.191697119,CISO,2026-05-15 06:34:57.831020721
HLT-07-CS002770,HLT-07,2026-05-15 04:23:05.618242233,CERT-In,2026-05-15 04:59:27.247847300
HLT-07-CS002770,HLT-07,2026-05-15 04:33:05.618242233,NCIIPC,
HLT-07-CS002778,HLT-07,2026-05-16 09:14:55.024456841,L2,2026-05-16 09:38:36.405205809
HLT-07-CS002782,HLT-07,2026-05-16 16:41:29.483882662,L2,2026-05-16 16:53:29.010971916
HLT-07-CS002782,HLT-07,2026-05-16 14:07:54.217181366,CERT-In,2026-05-16 15:00:10.286055812
HLT-07-CS002784,HLT-07,2026-05-16 12:27:13.781380350,CISO,2026-05-16 12:45:12.700300999
HLT-07-CS002786,HLT-07,2026-05-16 17:00:21.167749945,CISO,2026-05-16 17:47:32.132344421
HLT-07-CS002786,HLT-07,2026-05-16 16:45:24.096846706,CERT-In,2026-05-16 19:44:04.211158612
HLT-07-CS002786,HLT-07,2026-05-16 16:55:24.096846706,NCIIPC,
HLT-07-CS002789,HLT-07,2026-05-16 20:38:30.157752290,L2,2026-05-16 21:24:21.475072715
HLT-07-CS002795,HLT-07,2026-05-17 13:55:09.589364146,L2,2026-05-17 14:37:53.336517720
HLT-07-CS002796,HLT-07,2026-05-17 16:01:58.559448321,CERT-In,2026-05-17 18:55:27.473036539
HLT-07-CS002798,HLT-07,2026-05-17 17:53:31.590390210,L2,2026-05-17 18:34:29.680665087
HLT-07-CS002800,HLT-07,2026-05-17 18:15:33.238608018,CISO,2026-05-17 18:59:40.309652910
HLT-07-CS002808,HLT-07,2026-05-18 09:32:13.958934941,L2,2026-05-18 10:21:57.246642026
HLT-07-CS002813,HLT-07,2026-05-18 18:46:25.141849917,CERT-In,2026-05-18 21:43:45.062545415
HLT-07-CS002814,HLT-07,2026-05-18 17:43:06.380909969,CISO,2026-05-18 18:32:09.023526328
HLT-07-CS002814,HLT-07,2026-05-18 19:14:56.958335498,CERT-In,2026-05-18 21:27:37.875366050
HLT-07-CS002814,HLT-07,2026-05-18 19:24:56.958335498,NCIIPC,
HLT-07-CS002816,HLT-07,2026-05-18 17:11:15.753641725,CERT-In,2026-05-18 18:13:04.374128902
HLT-07-CS002816,HLT-07,2026-05-18 17:21:15.753641725,NCIIPC,
HLT-07-CS002820,HLT-07,2026-05-18 19:24:20.392535933,CERT-In,2026-05-18 22:19:52.452292301
HLT-07-CS002823,HLT-07,2026-05-19 09:18:29.112458432,L2,2026-05-19 10:08:11.904683446
HLT-07-CS002823,HLT-07,2026-05-19 09:36:17.856670252,CERT-In,2026-05-19 12:18:08.544596478
HLT-07-CS002824,HLT-07,2026-05-19 15:01:42.830138908,L2,2026-05-19 15:17:10.832912396
HLT-07-CS002824,HLT-07,2026-05-19 09:29:47.949183151,CERT-In,2026-05-19 10:19:05.609500362
HLT-07-CS002827,HLT-07,2026-05-19 15:45:09.313885398,CISO,2026-05-19 16:41:09.419211956
HLT-07-CS002827,HLT-07,2026-05-19 17:52:28.954256414,CERT-In,2026-05-19 20:22:58.049248793
HLT-07-CS002827,HLT-07,2026-05-19 18:02:28.954256414,NCIIPC,
HLT-07-CS002829,HLT-07,2026-05-19 15:46:27.002571404,L2,2026-05-19 16:20:14.953268225
HLT-07-CS002829,HLT-07,2026-05-19 15:51:58.702572984,CERT-In,2026-05-19 19:22:24.991295996
HLT-07-CS002833,HLT-07,2026-05-19 22:09:15.517914994,L2,2026-05-19 22:57:24.848182316
HLT-07-CS002837,HLT-07,2026-05-20 13:13:04.313677308,L2,2026-05-20 13:42:42.903655046
HLT-07-CS002837,HLT-07,2026-05-20 12:50:56.555100844,CERT-In,2026-05-20 15:14:08.376286535
HLT-07-CS002839,HLT-07,2026-05-20 13:20:39.717786225,L2,2026-05-20 13:36:55.489713193
HLT-07-CS002839,HLT-07,2026-05-20 14:22:29.068830423,CERT-In,2026-05-20 16:18:29.306978254
HLT-07-CS002842,HLT-07,2026-05-20 15:20:07.903983346,L2,2026-05-20 16:11:22.175363437
HLT-07-CS002851,HLT-07,2026-05-21 04:00:30.632875795,L2,2026-05-21 04:45:28.343747758
HLT-07-CS002851,HLT-07,2026-05-21 04:15:14.829726606,CERT-In,2026-05-21 06:11:40.462367657
HLT-07-CS002860,HLT-07,2026-05-21 16:32:59.481738436,L2,2026-05-21 17:09:24.099184218
HLT-07-CS002861,HLT-07,2026-05-21 17:55:43.011370100,CISO,2026-05-21 18:31:02.679437837
HLT-07-CS002861,HLT-07,2026-05-21 18:49:45.590204224,CERT-In,2026-05-21 20:29:09.836920382
HLT-07-CS002861,HLT-07,2026-05-21 18:59:45.590204224,NCIIPC,
HLT-07-CS002866,HLT-07,2026-05-22 08:48:02.685481054,L2,2026-05-22 09:34:45.685159078
HLT-07-CS002874,HLT-07,2026-05-22 13:50:40.549611902,L2,2026-05-22 13:59:40.365339126
HLT-07-CS002876,HLT-07,2026-05-22 19:39:40.158401678,L2,2026-05-22 20:35:20.944231846
HLT-07-CS002876,HLT-07,2026-05-22 19:37:25.756515450,CERT-In,2026-05-22 20:58:20.102539899
HLT-07-CS002884,HLT-07,2026-05-23 19:41:29.431497010,CISO,2026-05-23 20:18:29.469050817
HLT-07-CS002884,HLT-07,2026-05-23 15:58:10.121131996,CERT-In,2026-05-23 18:52:42.401084232
HLT-07-CS002884,HLT-07,2026-05-23 16:08:10.121131996,NCIIPC,
HLT-07-CS002887,HLT-07,2026-05-23 19:07:03.103140213,L2,2026-05-23 19:42:28.780797524
HLT-07-CS002888,HLT-07,2026-05-24 00:00:18.416391137,L2,2026-05-24 00:43:47.177583498
HLT-07-CS002889,HLT-07,2026-05-24 03:44:47.081237485,L2,2026-05-24 04:21:17.055147165
HLT-07-CS002892,HLT-07,2026-05-24 12:22:51.479570747,L2,2026-05-24 13:21:08.173675423
HLT-07-CS002892,HLT-07,2026-05-24 12:01:14.697615601,CERT-In,2026-05-24 15:29:46.677212507
HLT-07-CS002893,HLT-07,2026-05-24 12:55:24.599853047,CISO,2026-05-24 13:23:26.569499908
HLT-07-CS002893,HLT-07,2026-05-24 13:13:46.927229166,CERT-In,2026-05-24 15:07:11.956315354
HLT-07-CS002893,HLT-07,2026-05-24 13:23:46.927229166,NCIIPC,
HLT-07-CS002894,HLT-07,2026-05-24 20:23:48.125001692,L2,2026-05-24 20:35:53.173543224
HLT-07-CS002894,HLT-07,2026-05-24 15:09:43.160403267,CERT-In,2026-05-24 18:54:17.981323394
HLT-07-CS002900,HLT-07,2026-05-25 05:47:11.352455565,L2,2026-05-25 06:32:05.129606583
HLT-07-CS002901,HLT-07,2026-05-25 09:07:23.766877724,L2,2026-05-25 09:13:16.860188965
HLT-07-CS002909,HLT-07,2026-05-25 22:38:33.426909881,L2,2026-05-25 23:29:39.178888142
HLT-07-CS002909,HLT-07,2026-05-26 01:56:26.293248798,CERT-In,2026-05-26 02:46:46.317711562
HLT-07-CS002913,HLT-07,2026-05-26 13:27:19.355534921,L2,2026-05-26 14:11:33.641987559
HLT-07-CS002915,HLT-07,2026-05-26 15:38:41.988197220,L2,2026-05-26 16:13:02.960977430
HLT-07-CS002934,HLT-07,2026-05-28 07:20:29.037751554,CISO,2026-05-28 07:51:27.330327746
HLT-07-CS002941,HLT-07,2026-05-28 19:00:23.418988016,L2,2026-05-28 19:50:44.443893913
HLT-07-CS002941,HLT-07,2026-05-28 20:55:11.665914448,CERT-In,2026-05-28 22:12:07.718310087
HLT-07-CS002942,HLT-07,2026-05-28 18:41:55.168918570,L2,2026-05-28 19:38:33.302299001
HLT-07-CS002942,HLT-07,2026-05-28 19:25:31.613771274,CERT-In,2026-05-28 21:59:28.771856407
HLT-07-CS002947,HLT-07,2026-05-29 10:31:19.214716758,L2,2026-05-29 10:48:01.686285896
HLT-07-CS002947,HLT-07,2026-05-29 11:41:34.964411273,CERT-In,2026-05-29 13:01:30.267181608
HLT-07-CS002948,HLT-07,2026-05-29 14:58:35.352295053,L2,2026-05-29 15:35:05.594287631
HLT-07-CS002949,HLT-07,2026-05-29 16:25:48.371589700,CISO,2026-05-29 17:12:55.998039256
HLT-07-CS002950,HLT-07,2026-05-29 18:32:17.947726597,CISO,2026-05-29 19:13:52.190091707
HLT-07-CS002950,HLT-07,2026-05-29 19:50:19.141348602,CERT-In,2026-05-29 21:20:39.986118431
HLT-07-CS002950,HLT-07,2026-05-29 20:00:19.141348602,NCIIPC,
HLT-07-CS002951,HLT-07,2026-05-29 19:43:59.321991222,L2,2026-05-29 19:50:10.807778719
HLT-07-CS002951,HLT-07,2026-05-29 18:13:42.209373189,CERT-In,2026-05-29 21:55:00.549118962
HLT-07-CS002956,HLT-07,2026-05-30 04:27:55.936939950,L2,2026-05-30 04:35:51.066311022
HLT-07-CS002956,HLT-07,2026-05-30 00:00:15.768929712,CERT-In,2026-05-30 00:38:47.130240421
HLT-07-CS002957,HLT-07,2026-05-30 01:13:23.276130330,L2,2026-05-30 01:35:32.056943309
HLT-07-CS002960,HLT-07,2026-05-30 19:39:15.864711293,L2,2026-05-30 19:47:08.352142995
HLT-07-CS002960,HLT-07,2026-05-30 15:10:31.949224165,CERT-In,2026-05-30 16:15:32.659391405
HLT-07-CS002967,HLT-07,2026-05-31 06:26:48.680499934,L2,2026-05-31 06:43:12.597659500
HLT-07-CS002968,HLT-07,2026-05-31 06:12:37.158369600,L2,2026-05-31 06:47:44.386875415
HLT-07-CS002971,HLT-07,2026-05-31 15:32:14.377268640,CERT-In,2026-05-31 19:10:22.313964156
HLT-07-CS002973,HLT-07,2026-05-31 15:22:26.813624882,L2,2026-05-31 16:18:58.413143418
HLT-07-CS002978,HLT-07,2026-06-01 00:10:44.590327049,L2,2026-06-01 00:57:34.002454644
HLT-07-CS002979,HLT-07,2026-06-01 12:43:03.970765850,L2,2026-06-01 13:20:01.411358572
HLT-07-CS002979,HLT-07,2026-06-01 06:37:51.721291371,CERT-In,2026-06-01 07:45:07.472184287
HLT-07-CS002980,HLT-07,2026-06-01 09:44:28.420422498,L2,2026-06-01 09:59:53.367319250
HLT-07-CS002983,HLT-07,2026-06-01 14:23:34.977547784,L2,2026-06-01 14:40:01.774736040
HLT-07-CS002983,HLT-07,2026-06-01 14:21:50.437595110,CERT-In,2026-06-01 16:15:29.385079819
HLT-07-CS002986,HLT-07,2026-06-01 14:55:57.142140928,L2,2026-06-01 15:14:40.700142644
HLT-07-CS002988,HLT-07,2026-06-02 01:29:31.486611576,L2,2026-06-02 02:21:43.448508051
HLT-07-CS002991,HLT-07,2026-06-02 12:55:03.487551970,L2,2026-06-02 13:32:27.952854426
HLT-07-CS002991,HLT-07,2026-06-02 11:01:49.366355563,CERT-In,2026-06-02 13:37:12.892989632
HLT-07-CS002992,HLT-07,2026-06-02 12:58:55.212840734,L2,2026-06-02 13:15:40.920616118
HLT-07-CS002996,HLT-07,2026-06-02 17:26:44.587374880,L2,2026-06-02 18:25:07.420751189
HLT-07-CS002997,HLT-07,2026-06-02 22:49:31.135655396,L2,2026-06-02 23:46:37.588415223
HLT-07-CS002997,HLT-07,2026-06-02 17:49:01.946990348,CERT-In,2026-06-02 20:58:41.639795376
HLT-07-CS003001,HLT-07,2026-06-02 21:48:12.509145476,L2,2026-06-02 22:39:38.275967673
HLT-07-CS003001,HLT-07,2026-06-02 21:50:54.699447892,CERT-In,2026-06-02 22:55:59.611686063
HLT-07-CS003004,HLT-07,2026-06-03 13:45:43.514528030,CISO,2026-06-03 13:51:41.656994791
HLT-07-CS003004,HLT-07,2026-06-03 10:23:49.525152641,CERT-In,2026-06-03 12:07:04.773403304
HLT-07-CS003004,HLT-07,2026-06-03 10:33:49.525152641,NCIIPC,
HLT-07-CS003005,HLT-07,2026-06-03 15:12:40.384566295,L2,2026-06-03 16:00:01.993664147
HLT-07-CS003009,HLT-07,2026-06-04 01:38:24.176698407,CERT-In,2026-06-04 05:14:03.533587280
HLT-07-CS003009,HLT-07,2026-06-04 01:48:24.176698407,NCIIPC,
HLT-07-CS003011,HLT-07,2026-06-04 07:54:25.016706572,CISO,2026-06-04 08:37:59.579491848
HLT-07-CS003011,HLT-07,2026-06-04 06:11:38.980341315,CERT-In,2026-06-04 08:22:57.339062725
HLT-07-CS003011,HLT-07,2026-06-04 06:21:38.980341315,NCIIPC,
HLT-07-CS003014,HLT-07,2026-06-04 11:58:56.465793867,CERT-In,2026-06-04 12:43:46.094596129
HLT-07-CS003016,HLT-07,2026-06-04 13:00:52.398740666,CISO,2026-06-04 13:47:58.835827211
HLT-07-CS003016,HLT-07,2026-06-04 12:54:40.069203016,CERT-In,2026-06-04 15:18:24.980495535
HLT-07-CS003016,HLT-07,2026-06-04 13:04:40.069203016,NCIIPC,
HLT-07-CS003017,HLT-07,2026-06-04 19:32:40.528949902,CERT-In,2026-06-04 20:19:41.307649731
HLT-07-CS003020,HLT-07,2026-06-04 16:20:29.067326894,L2,2026-06-04 17:08:11.845180599
HLT-07-CS003022,HLT-07,2026-06-04 19:21:08.738002857,L2,2026-06-04 19:58:57.800735019
HLT-07-CS003024,HLT-07,2026-06-04 23:47:05.469790607,CISO,2026-06-05 00:31:11.403758468
HLT-07-CS003024,HLT-07,2026-06-04 19:53:11.390733053,CERT-In,2026-06-04 20:41:18.633160457
HLT-07-CS003024,HLT-07,2026-06-04 20:03:11.390733053,NCIIPC,
HLT-07-CS003025,HLT-07,2026-06-05 03:14:37.941275388,L2,2026-06-05 03:57:56.928766874
HLT-07-CS003028,HLT-07,2026-06-05 11:56:36.305441779,CERT-In,2026-06-05 15:54:29.104816488
HLT-07-CS003030,HLT-07,2026-06-05 12:38:17.701357585,L2,2026-06-05 12:58:22.114489589
HLT-07-CS003038,HLT-07,2026-06-05 21:56:41.598329650,L2,2026-06-05 22:36:05.334365680
HLT-07-CS003040,HLT-07,2026-06-06 07:21:42.574372079,CERT-In,2026-06-06 11:12:14.602063355
HLT-07-CS003042,HLT-07,2026-06-06 14:27:52.451356465,CERT-In,2026-06-06 14:58:38.088952018
HLT-07-CS003042,HLT-07,2026-06-06 14:37:52.451356465,NCIIPC,
HLT-07-CS003043,HLT-07,2026-06-06 14:19:42.921778200,L2,2026-06-06 14:28:27.887109515
HLT-07-CS003046,HLT-07,2026-06-06 19:26:39.158688991,L2,2026-06-06 20:19:26.842349527
HLT-07-CS003046,HLT-07,2026-06-06 20:33:21.988576750,CERT-In,2026-06-06 23:50:44.918238479
HLT-07-CS003047,HLT-07,2026-06-06 19:44:18.397360408,L2,2026-06-06 20:10:17.482997935
HLT-07-CS003048,HLT-07,2026-06-07 01:12:00.628564988,L2,2026-06-07 01:42:13.446878208
HLT-07-CS003051,HLT-07,2026-06-07 13:53:43.415787910,CISO,2026-06-07 14:18:37.603682697
HLT-07-CS003051,HLT-07,2026-06-07 15:13:41.743520565,CERT-In,2026-06-07 18:26:31.124105406
HLT-07-CS003051,HLT-07,2026-06-07 15:23:41.743520565,NCIIPC,
HLT-07-CS003053,HLT-07,2026-06-07 16:07:48.493459948,L2,2026-06-07 17:01:32.388061953
HLT-07-CS003054,HLT-07,2026-06-07 16:46:34.774043734,L2,2026-06-07 16:56:31.747938846
HLT-07-CS003055,HLT-07,2026-06-07 17:00:59.174904650,L2,2026-06-07 17:39:27.071271761
HLT-07-CS003056,HLT-07,2026-06-07 17:35:09.148196132,L2,2026-06-07 18:14:47.711035194
HLT-07-CS003066,HLT-07,2026-06-08 16:09:48.229618623,CERT-In,2026-06-08 17:55:12.759388602
HLT-07-CS003066,HLT-07,2026-06-08 16:19:48.229618623,NCIIPC,
HLT-07-CS003069,HLT-07,2026-06-08 21:59:51.656229506,L2,2026-06-08 22:10:56.919019267
HLT-07-CS003070,HLT-07,2026-06-08 20:51:09.899526754,L2,2026-06-08 21:13:00.473337501
HLT-07-CS003077,HLT-07,2026-06-09 15:10:28.071805776,L2,2026-06-09 15:33:50.917848828
HLT-07-CS003081,HLT-07,2026-06-09 15:51:23.199949946,CERT-In,2026-06-09 16:35:00.037329360
HLT-07-CS003081,HLT-07,2026-06-09 16:01:23.199949946,NCIIPC,
HLT-07-CS003085,HLT-07,2026-06-09 18:37:42.595278458,L2,2026-06-09 18:45:03.103754332
HLT-07-CS003090,HLT-07,2026-06-09 20:41:00.896201509,L2,2026-06-09 21:27:17.081157502
HLT-07-CS003092,HLT-07,2026-06-10 11:35:53.122817698,L2,2026-06-10 12:00:09.158991118
HLT-07-CS003097,HLT-07,2026-06-10 15:49:31.096952817,L2,2026-06-10 16:27:52.273484726
HLT-07-CS003097,HLT-07,2026-06-10 13:38:04.624946984,CERT-In,2026-06-10 17:23:21.776823403
HLT-07-CS003108,HLT-07,2026-06-11 02:08:32.027377506,CISO,2026-06-11 02:14:44.604480477
HLT-07-CS003108,HLT-07,2026-06-11 10:45:52.280534195,CERT-In,2026-06-11 14:04:09.917658709
HLT-07-CS003108,HLT-07,2026-06-11 10:55:52.280534195,NCIIPC,
HLT-07-CS003114,HLT-07,2026-06-11 14:12:30.323577365,CISO,2026-06-11 14:28:56.654072764
HLT-07-CS003114,HLT-07,2026-06-11 12:26:29.000798036,CERT-In,2026-06-11 13:18:43.265663249
HLT-07-CS003114,HLT-07,2026-06-11 12:36:29.000798036,NCIIPC,
HLT-07-CS003115,HLT-07,2026-06-11 14:44:49.143970831,L2,2026-06-11 15:10:09.084346740
HLT-07-CS003122,HLT-07,2026-06-11 23:25:47.321673772,CISO,2026-06-11 23:52:21.549405072
HLT-07-CS003122,HLT-07,2026-06-12 00:31:57.707951369,CERT-In,2026-06-12 03:39:02.473794992
HLT-07-CS003122,HLT-07,2026-06-12 00:41:57.707951369,NCIIPC,
HLT-07-CS003124,HLT-07,2026-06-11 22:25:37.514734728,L2,2026-06-11 22:59:28.106270033
HLT-07-CS003125,HLT-07,2026-06-12 17:44:58.962956907,CERT-In,2026-06-12 21:33:00.692787965
HLT-07-CS003125,HLT-07,2026-06-12 17:54:58.962956907,NCIIPC,
HLT-07-CS003135,HLT-07,2026-06-13 05:05:05.108359217,L2,2026-06-13 05:39:09.122496307
HLT-07-CS003135,HLT-07,2026-06-13 04:16:23.938730983,CERT-In,2026-06-13 05:36:09.651473747
HLT-07-CS003138,HLT-07,2026-06-13 04:34:53.020283502,CISO,2026-06-13 05:23:12.325120070
HLT-07-CS003138,HLT-07,2026-06-13 03:18:04.290925601,CERT-In,2026-06-13 05:19:37.844622639
HLT-07-CS003138,HLT-07,2026-06-13 03:28:04.290925601,NCIIPC,
HLT-07-CS003139,HLT-07,2026-06-13 10:16:24.601003359,CERT-In,2026-06-13 14:08:35.401963706
HLT-07-CS003139,HLT-07,2026-06-13 10:26:24.601003359,NCIIPC,
HLT-07-CS003141,HLT-07,2026-06-13 16:26:09.852023222,L2,2026-06-13 17:01:44.717806690
HLT-07-CS003142,HLT-07,2026-06-13 12:27:57.270589006,CISO,2026-06-13 12:58:30.014433570
HLT-07-CS003142,HLT-07,2026-06-13 12:23:09.163971631,CERT-In,2026-06-13 14:39:40.406505692
HLT-07-CS003142,HLT-07,2026-06-13 12:33:09.163971631,NCIIPC,
HLT-07-CS003143,HLT-07,2026-06-13 18:35:55.596536752,L2,2026-06-13 18:54:25.301144277
HLT-07-CS003143,HLT-07,2026-06-13 17:37:00.120374209,CERT-In,2026-06-13 20:11:06.756712134
HLT-07-CS003144,HLT-07,2026-06-13 16:55:17.321826025,CERT-In,2026-06-13 17:39:43.589048158
HLT-07-CS003144,HLT-07,2026-06-13 17:05:17.321826025,NCIIPC,
HLT-07-CS003153,HLT-07,2026-06-14 13:53:29.111568113,CERT-In,2026-06-14 14:40:06.463307571
HLT-07-CS003162,HLT-07,2026-06-14 20:42:51.124490759,L2,2026-06-14 21:32:29.336120401
HLT-07-CS003165,HLT-07,2026-06-15 12:02:06.099177450,L2,2026-06-15 12:37:07.261611714
HLT-07-CS003173,HLT-07,2026-06-15 23:54:42.668252730,CERT-In,2026-06-16 01:48:41.689428548
HLT-07-CS003173,HLT-07,2026-06-16 00:04:42.668252730,NCIIPC,
HLT-07-CS003175,HLT-07,2026-06-16 11:11:50.836714514,L2,2026-06-16 12:10:20.848580964
HLT-07-CS003177,HLT-07,2026-06-16 10:39:41.047004990,L2,2026-06-16 11:12:25.066712630
HLT-07-CS003178,HLT-07,2026-06-16 14:11:16.046137350,L2,2026-06-16 15:01:49.071374275
HLT-07-CS003181,HLT-07,2026-06-16 17:26:02.970599732,L2,2026-06-16 17:56:55.540894708
HLT-07-CS003181,HLT-07,2026-06-16 18:10:23.058930325,CERT-In,2026-06-16 21:14:46.065495045
HLT-07-CS003183,HLT-07,2026-06-16 21:10:12.231934847,L2,2026-06-16 21:55:29.846003575
HLT-07-CS003185,HLT-07,2026-06-17 06:41:41.361415008,L2,2026-06-17 07:18:25.863109177
HLT-07-CS003188,HLT-07,2026-06-17 12:58:48.053609694,L2,2026-06-17 13:50:12.449559102
HLT-07-CS003195,HLT-07,2026-06-18 06:59:13.096284204,L2,2026-06-18 07:37:45.403433414
HLT-07-CS003197,HLT-07,2026-06-18 11:48:48.096290465,L2,2026-06-18 11:54:31.660920829
HLT-07-CS003197,HLT-07,2026-06-18 12:03:54.920293596,CERT-In,2026-06-18 14:20:05.981990773
HLT-07-CS003202,HLT-07,2026-06-19 00:58:21.492701458,CERT-In,2026-06-19 03:26:20.044895552
HLT-07-CS003205,HLT-07,2026-06-19 10:51:17.570913691,L2,2026-06-19 10:57:59.531694858
HLT-07-CS003205,HLT-07,2026-06-19 10:04:42.183120186,CERT-In,2026-06-19 11:50:43.625871266
HLT-07-CS003208,HLT-07,2026-06-19 14:52:36.037049542,L2,2026-06-19 15:30:35.434011132
HLT-07-CS003216,HLT-07,2026-06-19 21:18:22.436896726,CISO,2026-06-19 21:29:55.209944958
HLT-07-CS003216,HLT-07,2026-06-19 21:25:54.700647264,CERT-In,2026-06-19 22:14:08.668738270
HLT-07-CS003216,HLT-07,2026-06-19 21:35:54.700647264,NCIIPC,
HLT-07-CS003217,HLT-07,2026-06-19 22:20:36.625267826,L2,2026-06-19 23:17:55.657769840
HLT-07-CS003218,HLT-07,2026-06-19 23:49:30.538776534,CISO,2026-06-20 00:17:47.262956829
HLT-07-CS003218,HLT-07,2026-06-20 00:11:44.137427888,CERT-In,2026-06-20 02:27:45.772584653
HLT-07-CS003218,HLT-07,2026-06-20 00:21:44.137427888,NCIIPC,
HLT-07-CS003219,HLT-07,2026-06-20 04:51:03.011360862,CISO,2026-06-20 05:28:20.301127323
HLT-07-CS003219,HLT-07,2026-06-20 04:48:57.821235060,CERT-In,2026-06-20 07:19:26.669912419
HLT-07-CS003219,HLT-07,2026-06-20 04:58:57.821235060,NCIIPC,
HLT-07-CS003224,HLT-07,2026-06-20 14:00:12.046522939,L2,2026-06-20 14:36:17.495331527
HLT-07-CS003228,HLT-07,2026-06-20 15:13:48.822405625,L2,2026-06-20 15:49:32.908812470
HLT-07-CS003228,HLT-07,2026-06-20 20:36:06.878852044,CERT-In,2026-06-21 00:05:53.871266223
HLT-07-CS003229,HLT-07,2026-06-20 18:29:09.845688862,L2,2026-06-20 19:09:51.721121777
HLT-07-CS003230,HLT-07,2026-06-20 21:58:45.756268774,L2,2026-06-20 22:57:07.180482034
HLT-07-CS003230,HLT-07,2026-06-20 18:20:00.165677760,CERT-In,2026-06-20 19:22:07.378975823
HLT-07-CS003235,HLT-07,2026-06-20 18:46:32.362685331,L2,2026-06-20 18:56:22.336897303
HLT-07-CS003239,HLT-07,2026-06-21 01:42:20.072916298,CISO,2026-06-21 02:18:40.415253859
HLT-07-CS003239,HLT-07,2026-06-21 03:02:27.114332401,CERT-In,2026-06-21 03:38:29.040132808
HLT-07-CS003239,HLT-07,2026-06-21 03:12:27.114332401,NCIIPC,
HLT-07-CS003241,HLT-07,2026-06-21 08:43:01.273575718,CISO,2026-06-21 08:54:42.771300781
HLT-07-CS003241,HLT-07,2026-06-21 09:26:15.198544503,CERT-In,2026-06-21 11:26:19.767334069
HLT-07-CS003241,HLT-07,2026-06-21 09:36:15.198544503,NCIIPC,
HLT-07-CS003243,HLT-07,2026-06-21 15:57:10.312010078,CISO,2026-06-21 16:07:47.423986322
HLT-07-CS003243,HLT-07,2026-06-21 14:27:38.549056272,CERT-In,2026-06-21 15:34:25.019903589
HLT-07-CS003243,HLT-07,2026-06-21 14:37:38.549056272,NCIIPC,
HLT-07-CS003245,HLT-07,2026-06-21 14:07:14.829351520,CERT-In,2026-06-21 15:12:44.912317827
HLT-07-CS003246,HLT-07,2026-06-21 19:25:53.594723338,L2,2026-06-21 20:09:06.539586082
HLT-07-CS003246,HLT-07,2026-06-21 15:23:08.896003474,CERT-In,2026-06-21 16:52:15.796533046
HLT-07-CS003250,HLT-07,2026-06-21 20:39:13.482854102,L2,2026-06-21 21:26:59.634750704
HLT-07-CS003252,HLT-07,2026-06-22 02:03:31.544675266,CERT-In,2026-06-22 05:52:10.403134609
HLT-07-CS003252,HLT-07,2026-06-22 02:13:31.544675266,NCIIPC,
HLT-07-CS003255,HLT-07,2026-06-22 16:05:50.166373294,L2,2026-06-22 16:21:11.829987139
HLT-07-CS003264,HLT-07,2026-06-23 13:48:12.507555934,L2,2026-06-23 14:40:45.862354348
HLT-07-CS003264,HLT-07,2026-06-23 15:31:26.249780913,CERT-In,2026-06-23 19:07:58.639474162
HLT-07-CS003268,HLT-07,2026-06-23 15:38:48.040245941,CISO,2026-06-23 16:38:26.049104930
HLT-07-CS003268,HLT-07,2026-06-23 15:56:40.954386709,CERT-In,2026-06-23 17:53:15.227487022
HLT-07-CS003268,HLT-07,2026-06-23 16:06:40.954386709,NCIIPC,
HLT-07-CS003269,HLT-07,2026-06-23 19:39:08.309690078,L2,2026-06-23 20:31:06.534022807
HLT-07-CS003269,HLT-07,2026-06-23 22:05:54.136913533,CERT-In,2026-06-23 23:36:06.695910670
HLT-07-CS003270,HLT-07,2026-06-23 19:53:35.682458288,CISO,2026-06-23 20:03:09.892526344
HLT-07-CS003270,HLT-07,2026-06-23 19:31:50.428682580,CERT-In,2026-06-23 20:10:35.991308148
HLT-07-CS003270,HLT-07,2026-06-23 19:41:50.428682580,NCIIPC,
HLT-07-CS003275,HLT-07,2026-06-24 12:52:47.622566763,L2,2026-06-24 13:29:58.941241499
HLT-07-CS003276,HLT-07,2026-06-24 15:14:29.515796794,L2,2026-06-24 15:25:40.964784947
HLT-07-CS003276,HLT-07,2026-06-24 17:50:38.485717906,CERT-In,2026-06-24 18:21:18.545772695
HLT-07-CS003277,HLT-07,2026-06-24 17:51:59.226495883,L2,2026-06-24 18:12:07.960869900
HLT-07-CS003281,HLT-07,2026-06-25 07:00:37.891148992,L2,2026-06-25 07:59:49.889426248
HLT-07-CS003282,HLT-07,2026-06-25 11:25:55.610102494,L2,2026-06-25 11:49:35.020746824
HLT-07-CS003282,HLT-07,2026-06-25 09:20:47.471797617,CERT-In,2026-06-25 13:17:56.474388044
HLT-07-CS003285,HLT-07,2026-06-25 14:23:07.513055163,L2,2026-06-25 14:38:42.367344628
HLT-07-CS003286,HLT-07,2026-06-25 11:31:10.246647138,L2,2026-06-25 11:46:34.917522186
HLT-07-CS003286,HLT-07,2026-06-25 11:57:40.012899552,CERT-In,2026-06-25 13:00:32.606164438
HLT-07-CS003288,HLT-07,2026-06-25 14:10:20.078469777,L2,2026-06-25 14:28:04.284320833
HLT-07-CS003290,HLT-07,2026-06-25 13:59:33.608084695,L2,2026-06-25 14:41:28.395647566
HLT-07-CS003301,HLT-07,2026-06-26 10:10:56.971301041,L2,2026-06-26 10:58:43.962273751
HLT-07-CS003302,HLT-07,2026-06-26 10:59:34.498084303,L2,2026-06-26 11:33:16.627100311
HLT-07-CS003304,HLT-07,2026-06-26 15:56:35.522346751,CISO,2026-06-26 16:51:17.220484676
HLT-07-CS003304,HLT-07,2026-06-26 13:55:15.284743236,CERT-In,2026-06-26 17:23:38.239908913
HLT-07-CS003304,HLT-07,2026-06-26 14:05:15.284743236,NCIIPC,
HLT-07-CS003309,HLT-07,2026-06-26 23:03:04.124084428,CERT-In,2026-06-27 01:40:43.228544605
HLT-07-CS003310,HLT-07,2026-06-26 18:54:55.929290328,L2,2026-06-26 19:46:16.452644547
HLT-07-CS003312,HLT-07,2026-06-26 21:21:37.339880623,L2,2026-06-26 21:33:01.846095670
HLT-07-CS003315,HLT-07,2026-06-27 09:21:01.271316118,L2,2026-06-27 09:50:34.147103424
HLT-07-CS003315,HLT-07,2026-06-27 07:39:19.215697487,CERT-In,2026-06-27 08:57:08.596350279
HLT-07-CS003318,HLT-07,2026-06-27 12:12:22.575601819,L2,2026-06-27 12:40:29.318093026
HLT-07-CS003320,HLT-07,2026-06-27 14:01:01.227965754,L2,2026-06-27 14:18:16.155823027
HLT-07-CS003322,HLT-07,2026-06-27 17:28:27.911509500,CERT-In,2026-06-27 21:15:59.522689040
HLT-07-CS003330,HLT-07,2026-06-28 03:34:15.144078348,L2,2026-06-28 03:54:22.278350337
HLT-07-CS003330,HLT-07,2026-06-28 03:31:00.772178459,CERT-In,2026-06-28 04:46:44.758516579
HLT-07-CS003333,HLT-07,2026-06-28 12:24:26.617636800,L2,2026-06-28 12:40:41.449604416
HLT-07-CS003333,HLT-07,2026-06-28 09:07:45.433920903,CERT-In,2026-06-28 11:56:56.529240931
HLT-07-CS003341,HLT-07,2026-06-28 20:28:16.448470158,L2,2026-06-28 20:48:02.708048645
HLT-07-CS003341,HLT-07,2026-06-28 18:03:55.682025429,CERT-In,2026-06-28 19:13:52.955583955
HLT-07-CS003342,HLT-07,2026-06-28 19:52:53.754153138,L2,2026-06-28 20:48:50.553408793
HLT-07-CS003343,HLT-07,2026-06-28 21:10:59.415954862,L2,2026-06-28 21:46:33.936218663
HLT-07-CS003348,HLT-07,2026-06-29 17:05:16.762316101,CERT-In,2026-06-29 18:22:40.074587241
HLT-07-CS003349,HLT-07,2026-06-29 13:49:22.856663722,L2,2026-06-29 14:24:59.295251113
HLT-07-CS003354,HLT-07,2026-06-30 11:07:45.930946206,L2,2026-06-30 11:44:57.954907214
HLT-07-CS003355,HLT-07,2026-06-30 09:07:06.232057179,L2,2026-06-30 10:01:43.539652833
HLT-07-CS003355,HLT-07,2026-06-30 07:51:00.791207452,CERT-In,2026-06-30 09:45:09.026103877
HLT-07-CS003358,HLT-07,2026-06-30 12:22:38.806146507,L2,2026-06-30 13:14:13.672916207
HLT-07-CS003359,HLT-07,2026-06-30 12:43:09.902337627,CISO,2026-06-30 13:38:56.712382733
HLT-07-CS003359,HLT-07,2026-06-30 13:18:27.944209912,CERT-In,2026-06-30 16:47:16.229751346
HLT-07-CS003359,HLT-07,2026-06-30 13:28:27.944209912,NCIIPC,
HLT-07-CS003363,HLT-07,2026-06-30 23:27:26.302249965,L2,2026-07-01 00:02:48.180711824
HLT-07-CS003367,HLT-07,2026-06-30 20:17:24.709870336,CISO,2026-06-30 20:47:58.945476103
HLT-07-CS003367,HLT-07,2026-06-30 20:06:14.939679146,CERT-In,2026-06-30 23:15:59.257282637
HLT-07-CS003367,HLT-07,2026-06-30 20:16:14.939679146,NCIIPC,
HLT-07-CS003370,HLT-07,2026-07-01 06:32:36.997034436,L2,2026-07-01 06:52:01.879610475
HLT-07-CS003371,HLT-07,2026-07-01 05:09:15.073954715,L2,2026-07-01 05:18:26.315034680
HLT-07-CS003373,HLT-07,2026-07-01 06:34:58.420177280,L2,2026-07-01 07:00:40.177223876
HLT-07-CS003374,HLT-07,2026-07-01 12:25:49.780305156,L2,2026-07-01 13:23:23.882808226
HLT-07-CS003375,HLT-07,2026-07-01 09:20:26.194048546,CISO,2026-07-01 09:39:30.942610055
HLT-07-CS003375,HLT-07,2026-07-01 09:29:21.737614746,CERT-In,2026-07-01 12:51:17.554250449
HLT-07-CS003375,HLT-07,2026-07-01 09:39:21.737614746,NCIIPC,
HLT-07-CS003376,HLT-07,2026-07-01 09:18:22.653301762,L2,2026-07-01 09:24:05.086702838
HLT-07-CS003381,HLT-07,2026-07-01 20:20:26.300084382,L2,2026-07-01 21:13:22.095394414
HLT-07-CS003384,HLT-07,2026-07-01 23:33:12.723981313,L2,2026-07-01 23:43:04.517117029
HLT-07-CS003385,HLT-07,2026-07-02 01:27:02.820392568,CISO,2026-07-02 02:01:40.635586481
HLT-07-CS003385,HLT-07,2026-07-02 03:16:05.734479785,CERT-In,2026-07-02 03:55:33.442568141
HLT-07-CS003385,HLT-07,2026-07-02 03:26:05.734479785,NCIIPC,
HLT-07-CS003389,HLT-07,2026-07-02 10:39:24.434962115,CISO,2026-07-02 11:25:46.191386497
HLT-07-CS003389,HLT-07,2026-07-02 12:39:32.643916358,CERT-In,2026-07-02 13:44:14.999291901
HLT-07-CS003389,HLT-07,2026-07-02 12:49:32.643916358,NCIIPC,
HLT-07-CS003394,HLT-07,2026-07-02 16:45:19.460687666,CERT-In,2026-07-02 18:08:51.109289130
HLT-07-CS003396,HLT-07,2026-07-03 09:49:34.509247398,L2,2026-07-03 10:39:59.153594164
HLT-07-CS003399,HLT-07,2026-07-03 12:23:44.861659170,CERT-In,2026-07-03 13:16:54.933408079
HLT-07-CS003400,HLT-07,2026-07-03 11:55:42.938787381,L2,2026-07-03 12:52:51.955330764
HLT-07-CS003400,HLT-07,2026-07-03 13:18:20.668345490,CERT-In,2026-07-03 16:43:57.864789109
HLT-07-CS003401,HLT-07,2026-07-03 17:45:13.131788920,L2,2026-07-03 17:56:10.988121540
HLT-07-CS003405,HLT-07,2026-07-03 16:21:16.677406712,L2,2026-07-03 16:46:28.290191610
HLT-07-CS003415,HLT-07,2026-07-04 12:42:28.071721216,L2,2026-07-04 13:19:58.531377269
HLT-07-CS003417,HLT-07,2026-07-04 14:49:28.685349052,L2,2026-07-04 15:38:47.126555530
HLT-07-CS003426,HLT-07,2026-07-05 16:11:29.604973473,L2,2026-07-05 16:29:33.706248120
HLT-07-CS003430,HLT-07,2026-07-05 23:40:44.962406078,L2,2026-07-06 00:11:00.314789754
HLT-07-CS003430,HLT-07,2026-07-05 19:20:47.673346827,CERT-In,2026-07-05 21:42:47.353441114
HLT-07-CS003431,HLT-07,2026-07-05 19:23:18.823052252,L2,2026-07-05 19:31:44.927094881
HLT-07-CS003433,HLT-07,2026-07-06 07:54:48.902570324,L2,2026-07-06 08:25:40.045130095
HLT-07-CS003433,HLT-07,2026-07-06 11:13:42.820763971,CERT-In,2026-07-06 14:27:06.883802093
HLT-07-CS003441,HLT-07,2026-07-06 23:12:48.751031155,CISO,2026-07-06 23:26:41.666933802
HLT-07-CS003441,HLT-07,2026-07-06 22:40:04.182519357,CERT-In,2026-07-07 00:36:58.676620076
HLT-07-CS003441,HLT-07,2026-07-06 22:50:04.182519357,NCIIPC,
HLT-07-CS003459,HLT-07,2026-07-08 11:19:35.277311386,L2,2026-07-08 11:40:36.236040178
HLT-07-CS003459,HLT-07,2026-07-08 15:40:16.224262705,CERT-In,2026-07-08 16:41:46.954685743
HLT-07-CS003463,HLT-07,2026-07-08 19:20:10.386265826,CERT-In,2026-07-08 20:37:47.186680389
HLT-07-CS003463,HLT-07,2026-07-08 19:30:10.386265826,NCIIPC,
HLT-07-CS003464,HLT-07,2026-07-08 23:08:21.660312660,L2,2026-07-08 23:46:40.947383687
HLT-07-CS003464,HLT-07,2026-07-09 01:06:48.268475489,CERT-In,2026-07-09 02:26:28.888201619
HLT-07-CS003475,HLT-07,2026-07-10 04:10:21.086196522,CISO,2026-07-10 04:39:03.284426764
HLT-07-CS003475,HLT-07,2026-07-10 03:03:23.797456257,CERT-In,2026-07-10 05:20:21.965376985
HLT-07-CS003475,HLT-07,2026-07-10 03:13:23.797456257,NCIIPC,
HLT-07-CS003476,HLT-07,2026-07-10 08:45:03.417958872,L2,2026-07-10 09:01:56.848378861
HLT-07-CS003476,HLT-07,2026-07-10 09:04:21.169101874,CERT-In,2026-07-10 11:18:27.848156045
HLT-07-CS003480,HLT-07,2026-07-10 12:14:09.081440841,L2,2026-07-10 12:33:42.278273289
HLT-07-CS003483,HLT-07,2026-07-10 15:22:44.780366016,L2,2026-07-10 16:14:43.382041341
HLT-07-CS003486,HLT-07,2026-07-10 15:46:04.436528602,CERT-In,2026-07-10 19:07:51.291243778
HLT-07-CS003486,HLT-07,2026-07-10 15:56:04.436528602,NCIIPC,
HLT-07-CS003487,HLT-07,2026-07-10 16:57:54.534362036,L2,2026-07-10 17:25:55.687362575
HLT-07-CS003492,HLT-07,2026-07-11 08:10:37.132602580,L2,2026-07-11 08:54:38.847888720
HLT-07-CS003494,HLT-07,2026-07-11 11:09:26.059805494,L2,2026-07-11 12:08:08.896373885
HLT-07-CS003496,HLT-07,2026-07-11 13:02:15.440319490,L2,2026-07-11 13:27:54.403101015
HLT-07-CS003496,HLT-07,2026-07-11 15:00:29.330661359,CERT-In,2026-07-11 15:47:14.200227372
HLT-07-CS003498,HLT-07,2026-07-11 21:09:18.807252598,CISO,2026-07-11 21:56:04.495420758
HLT-07-CS003498,HLT-07,2026-07-11 21:51:56.261351190,CERT-In,2026-07-12 01:51:11.358107108
HLT-07-CS003498,HLT-07,2026-07-11 22:01:56.261351190,NCIIPC,
HLT-07-CS003500,HLT-07,2026-07-11 23:52:35.391687501,L2,2026-07-12 00:19:34.542283974
HLT-07-CS003500,HLT-07,2026-07-12 03:16:36.059692832,CERT-In,2026-07-12 06:54:11.601065307
HLT-07-CS003501,HLT-07,2026-07-12 04:17:58.999104063,CERT-In,2026-07-12 05:40:14.653914196
HLT-07-CS003502,HLT-07,2026-07-12 04:41:01.589041816,L2,2026-07-12 05:15:23.805846803
HLT-07-CS003511,HLT-07,2026-07-12 23:20:58.545284790,L2,2026-07-12 23:53:48.084198732
HLT-07-CS003513,HLT-07,2026-07-13 07:06:36.580477137,CERT-In,2026-07-13 08:02:55.971432081
HLT-07-CS003514,HLT-07,2026-07-13 09:03:44.734304046,L2,2026-07-13 09:33:41.513778454
HLT-07-CS003517,HLT-07,2026-07-13 13:39:36.311735613,L2,2026-07-13 14:26:03.183683680
HLT-07-CS003518,HLT-07,2026-07-13 15:37:13.931819774,L2,2026-07-13 16:07:30.034145476
HLT-07-CS003520,HLT-07,2026-07-13 17:06:52.009206198,L2,2026-07-13 18:04:53.065037705
HLT-07-CS003520,HLT-07,2026-07-13 13:35:07.870973382,CERT-In,2026-07-13 15:53:06.860982211
HLT-07-CS003521,HLT-07,2026-07-13 14:20:09.931928138,L2,2026-07-13 14:42:28.081958535
HLT-07-CS003521,HLT-07,2026-07-13 15:17:38.885345768,CERT-In,2026-07-13 19:05:12.661211302
HLT-07-CS003523,HLT-07,2026-07-13 17:34:21.401935744,L2,2026-07-13 17:46:11.010426386
HLT-07-CS003525,HLT-07,2026-07-13 22:21:19.124064097,CERT-In,2026-07-14 00:19:12.953914599
HLT-07-CS003525,HLT-07,2026-07-13 22:31:19.124064097,NCIIPC,
HLT-07-CS003531,HLT-07,2026-07-14 10:00:58.673021665,L2,2026-07-14 10:24:49.786366830
HLT-07-CS003534,HLT-07,2026-07-14 12:52:12.311623406,CERT-In,2026-07-14 14:16:48.411664982
HLT-07-CS003534,HLT-07,2026-07-14 13:02:12.311623406,NCIIPC,
HLT-07-CS003537,HLT-07,2026-07-14 18:36:18.543398398,CISO,2026-07-14 18:54:48.968069688
HLT-07-CS003537,HLT-07,2026-07-14 19:33:17.761344852,CERT-In,2026-07-14 22:41:26.562307182
HLT-07-CS003537,HLT-07,2026-07-14 19:43:17.761344852,NCIIPC,
HLT-07-CS003539,HLT-07,2026-07-15 08:45:36.688492077,L2,2026-07-15 08:57:31.679491163
HLT-07-CS003541,HLT-07,2026-07-15 09:09:37.071799860,L2,2026-07-15 09:37:27.680659640
HLT-07-CS003541,HLT-07,2026-07-15 12:17:19.453291411,CERT-In,2026-07-15 13:14:06.316086488
HLT-07-CS003542,HLT-07,2026-07-15 10:08:42.406651636,CISO,2026-07-15 11:01:17.617801511
HLT-07-CS003542,HLT-07,2026-07-15 10:29:20.496451724,CERT-In,2026-07-15 13:12:47.031954322
HLT-07-CS003542,HLT-07,2026-07-15 10:39:20.496451724,NCIIPC,
HLT-07-CS003551,HLT-07,2026-07-15 21:00:14.480624790,CERT-In,2026-07-16 00:20:48.229064968
HLT-07-CS003551,HLT-07,2026-07-15 21:10:14.480624790,NCIIPC,
HLT-07-CS003554,HLT-07,2026-07-16 12:13:03.964771662,L2,2026-07-16 12:20:25.609676315
HLT-07-CS003557,HLT-07,2026-07-16 12:52:41.471252238,L2,2026-07-16 13:51:15.141054710
HLT-07-CS003558,HLT-07,2026-07-16 12:54:06.750343759,CERT-In,2026-07-16 14:27:13.157218901
HLT-07-CS003565,HLT-07,2026-07-17 14:39:56.477404929,L2,2026-07-17 15:00:38.915017957
HLT-07-CS003570,HLT-07,2026-07-17 23:01:21.064533902,L2,2026-07-17 23:36:51.968419394
HLT-07-CS003570,HLT-07,2026-07-17 22:54:42.296362277,CERT-In,2026-07-18 00:28:44.570706600
HLT-07-CS003571,HLT-07,2026-07-18 01:15:20.810312027,L2,2026-07-18 02:13:42.034183580
HLT-07-CS003573,HLT-07,2026-07-18 10:37:11.007320783,L2,2026-07-18 11:11:19.085807241
HLT-07-CS003574,HLT-07,2026-07-18 13:55:25.171382763,L2,2026-07-18 14:30:13.355409165
HLT-07-CS003577,HLT-07,2026-07-18 16:39:05.923672874,L2,2026-07-18 17:18:39.618229263
HLT-07-CS003578,HLT-07,2026-07-18 17:59:33.763609989,L2,2026-07-18 18:43:57.221150594
HLT-07-CS003579,HLT-07,2026-07-18 22:09:26.721771782,L2,2026-07-18 22:53:22.316948658
HLT-07-CS003579,HLT-07,2026-07-18 19:29:31.930172839,CERT-In,2026-07-18 20:56:36.250769600
HLT-07-CS003581,HLT-07,2026-07-19 08:27:28.480284733,CERT-In,2026-07-19 09:38:11.566249218
HLT-07-CS003581,HLT-07,2026-07-19 08:37:28.480284733,NCIIPC,
HLT-07-CS003584,HLT-07,2026-07-19 10:55:27.487867889,CERT-In,2026-07-19 14:35:08.314567883
HLT-07-CS003584,HLT-07,2026-07-19 11:05:27.487867889,NCIIPC,
HLT-07-CS003586,HLT-07,2026-07-19 11:52:42.979908242,L2,2026-07-19 12:02:52.434613018
HLT-07-CS003587,HLT-07,2026-07-19 13:22:06.334957774,CISO,2026-07-19 14:11:12.096115069
HLT-07-CS003587,HLT-07,2026-07-19 12:07:44.580579979,CERT-In,2026-07-19 14:10:02.453108972
HLT-07-CS003587,HLT-07,2026-07-19 12:17:44.580579979,NCIIPC,
HLT-07-CS003588,HLT-07,2026-07-19 16:14:19.431026273,L2,2026-07-19 17:01:00.371048452
HLT-07-CS003588,HLT-07,2026-07-19 14:33:19.999442720,CERT-In,2026-07-19 15:07:26.949213853
HLT-07-CS003591,HLT-07,2026-07-19 17:00:46.125688114,L2,2026-07-19 17:48:07.468534486
HLT-07-CS003596,HLT-07,2026-07-20 03:29:35.797714602,L2,2026-07-20 03:35:02.065721774
HLT-07-CS003602,HLT-07,2026-07-20 18:19:58.708626066,CISO,2026-07-20 18:48:30.655357778
HLT-07-CS003602,HLT-07,2026-07-20 20:15:38.143668866,CERT-In,2026-07-20 23:00:20.619695281
HLT-07-CS003602,HLT-07,2026-07-20 20:25:38.143668866,NCIIPC,
HLT-07-CS003605,HLT-07,2026-07-20 23:35:38.006130047,CERT-In,2026-07-21 02:20:36.981445408
HLT-07-CS003605,HLT-07,2026-07-20 23:45:38.006130047,NCIIPC,
HLT-07-CS003608,HLT-07,2026-07-21 10:41:42.658311074,L2,2026-07-21 11:25:25.256435589
HLT-07-CS003608,HLT-07,2026-07-21 12:00:08.860529403,CERT-In,2026-07-21 14:24:27.702652563
HLT-07-CS003610,HLT-07,2026-07-21 13:49:51.607928467,L2,2026-07-21 14:36:28.571828094
HLT-07-CS003611,HLT-07,2026-07-21 13:49:15.964550034,L2,2026-07-21 14:48:42.463510483
HLT-07-CS003611,HLT-07,2026-07-21 13:15:31.963132371,CERT-In,2026-07-21 16:58:31.005233639
HLT-07-CS003621,HLT-07,2026-07-22 12:39:10.987324723,L2,2026-07-22 13:21:35.925291885
HLT-07-CS003627,HLT-07,2026-07-22 16:46:45.745653399,L2,2026-07-22 17:08:12.120897887
HLT-07-CS003632,HLT-07,2026-07-23 09:12:05.887348056,L2,2026-07-23 09:37:10.661823219
HLT-07-CS003632,HLT-07,2026-07-23 09:15:37.733836265,CERT-In,2026-07-23 12:12:30.163649761
HLT-07-CS003635,HLT-07,2026-07-23 15:20:04.421431918,L2,2026-07-23 16:06:20.662824159
HLT-07-CS003635,HLT-07,2026-07-23 15:06:39.165546751,CERT-In,2026-07-23 17:58:25.787706902
HLT-07-CS003636,HLT-07,2026-07-23 19:34:27.474966698,L2,2026-07-23 19:47:02.212479290
HLT-07-CS003636,HLT-07,2026-07-23 19:46:59.200586316,CERT-In,2026-07-23 22:28:01.165151207
HLT-07-CS003640,HLT-07,2026-07-24 12:18:32.505616799,L2,2026-07-24 12:56:00.386490930
HLT-07-CS003641,HLT-07,2026-07-24 11:23:15.361048354,L2,2026-07-24 11:43:23.633215838
HLT-07-CS003643,HLT-07,2026-07-24 12:49:21.243229636,L2,2026-07-24 13:03:03.737861289
HLT-07-CS003645,HLT-07,2026-07-24 14:33:27.520160424,L2,2026-07-24 15:18:37.938144143
HLT-07-CS003652,HLT-07,2026-07-25 15:14:19.121519818,L2,2026-07-25 16:12:29.710550063
HLT-07-CS003657,HLT-07,2026-07-25 19:37:59.453452230,CISO,2026-07-25 20:07:33.138721126
HLT-07-CS003657,HLT-07,2026-07-25 22:41:13.319183902,CERT-In,2026-07-26 01:05:09.086341354
HLT-07-CS003657,HLT-07,2026-07-25 22:51:13.319183902,NCIIPC,
HLT-07-CS003658,HLT-07,2026-07-25 22:09:00.203307104,L2,2026-07-25 22:50:34.693713663
HLT-07-CS003658,HLT-07,2026-07-26 02:18:28.426530744,CERT-In,2026-07-26 03:08:40.347810894
HLT-07-CS003659,HLT-07,2026-07-26 12:15:55.332040388,L2,2026-07-26 13:00:34.861002293
HLT-07-CS003659,HLT-07,2026-07-26 08:52:53.961145344,CERT-In,2026-07-26 12:16:00.887609815
HLT-07-CS003663,HLT-07,2026-07-26 12:38:34.378899155,L2,2026-07-26 13:00:22.351196785
HLT-07-CS003670,HLT-07,2026-07-27 00:59:20.725110988,L2,2026-07-27 01:30:02.615043296
HLT-07-CS003671,HLT-07,2026-07-26 19:07:48.187024808,L2,2026-07-26 19:47:43.739080216
HLT-07-CS003677,HLT-07,2026-07-26 23:32:24.733503110,L2,2026-07-27 00:28:23.416229389
HLT-07-CS003679,HLT-07,2026-07-27 13:43:52.611451178,L2,2026-07-27 14:20:38.647511900
HLT-07-CS003681,HLT-07,2026-07-27 14:19:54.740067652,L2,2026-07-27 14:42:58.935709900
HLT-07-CS003684,HLT-07,2026-07-27 16:47:41.066915652,L2,2026-07-27 17:09:52.133522817
HLT-07-CS003685,HLT-07,2026-07-27 22:50:10.364364706,L2,2026-07-27 23:17:53.598848008
HLT-07-CS003688,HLT-07,2026-07-28 09:37:15.531774804,CISO,2026-07-28 09:42:16.591440116
HLT-07-CS003688,HLT-07,2026-07-28 11:29:32.360386371,CERT-In,2026-07-28 13:41:02.784474698
HLT-07-CS003688,HLT-07,2026-07-28 11:39:32.360386371,NCIIPC,
HLT-07-CS003689,HLT-07,2026-07-28 15:45:48.255114442,L2,2026-07-28 16:03:40.528980048
HLT-07-CS003689,HLT-07,2026-07-28 12:13:11.456526405,CERT-In,2026-07-28 13:53:04.323114403
HLT-07-CS003695,HLT-07,2026-07-29 02:25:36.698242592,CISO,2026-07-29 02:45:05.670983785
HLT-07-CS003695,HLT-07,2026-07-28 22:38:18.202649653,CERT-In,2026-07-28 23:38:01.675782835
HLT-07-CS003695,HLT-07,2026-07-28 22:48:18.202649653,NCIIPC,
HLT-07-CS003703,HLT-07,2026-07-29 12:34:46.333110928,L2,2026-07-29 13:05:34.428290701
HLT-07-CS003709,HLT-07,2026-07-29 18:43:33.036212462,L2,2026-07-29 18:55:25.625688157
HLT-07-CS003710,HLT-07,2026-07-29 18:04:04.362436504,L2,2026-07-29 18:25:13.706284346
HLT-07-CS003711,HLT-07,2026-07-29 19:35:50.537679750,CISO,2026-07-29 19:48:59.382576784
HLT-07-CS003714,HLT-07,2026-07-29 21:59:00.099350356,L2,2026-07-29 22:51:21.118881116
HLT-07-CS003714,HLT-07,2026-07-30 00:51:51.288356401,CERT-In,2026-07-30 03:24:51.270123992
HLT-07-CS003717,HLT-07,2026-07-30 09:19:09.562379615,CISO,2026-07-30 09:54:02.560024628
HLT-07-CS003717,HLT-07,2026-07-30 10:05:20.654870441,CERT-In,2026-07-30 14:00:50.357590939
HLT-07-CS003717,HLT-07,2026-07-30 10:15:20.654870441,NCIIPC,
HLT-07-CS003730,HLT-07,2026-07-31 16:44:05.456261046,CISO,2026-07-31 17:40:30.139178869
HLT-07-CS003730,HLT-07,2026-07-31 15:13:42.418060881,CERT-In,2026-07-31 19:01:09.335197872
HLT-07-CS003730,HLT-07,2026-07-31 15:23:42.418060881,NCIIPC,
HLT-07-CS003734,HLT-07,2026-07-31 17:06:00.697489670,CERT-In,2026-07-31 20:16:11.994261312
HLT-07-CS003734,HLT-07,2026-07-31 17:16:00.697489670,NCIIPC,
HLT-07-CS003742,HLT-07,2026-08-01 13:23:47.722787962,L2,2026-08-01 13:42:52.793067446
HLT-07-CS003744,HLT-07,2026-08-01 18:54:43.757335693,L2,2026-08-01 19:26:37.089921885
HLT-07-CS003747,HLT-07,2026-08-02 02:46:16.609484280,L2,2026-08-02 03:16:35.904406501
HLT-07-CS003750,HLT-07,2026-08-02 11:16:42.353629064,CISO,2026-08-02 11:34:25.654025870
HLT-07-CS003750,HLT-07,2026-08-02 10:57:53.974121625,CERT-In,2026-08-02 12:59:58.540242025
HLT-07-CS003750,HLT-07,2026-08-02 11:07:53.974121625,NCIIPC,
HLT-07-CS003752,HLT-07,2026-08-02 18:56:53.891831222,CISO,2026-08-02 19:28:55.098214258
HLT-07-CS003752,HLT-07,2026-08-02 23:07:56.949816949,CERT-In,2026-08-03 01:13:00.169081374
HLT-07-CS003752,HLT-07,2026-08-02 23:17:56.949816949,NCIIPC,
HLT-07-CS003755,HLT-07,2026-08-02 19:45:59.713952064,CISO,2026-08-02 20:25:51.337600775
HLT-07-CS003755,HLT-07,2026-08-02 20:58:41.703088110,CERT-In,2026-08-02 22:19:04.567295557
HLT-07-CS003755,HLT-07,2026-08-02 21:08:41.703088110,NCIIPC,
HLT-07-CS003762,HLT-07,2026-08-03 15:53:49.359871912,L2,2026-08-03 16:07:15.599588276
HLT-07-CS003766,HLT-07,2026-08-03 19:22:40.322960228,L2,2026-08-03 19:56:49.471484817
HLT-07-CS003775,HLT-07,2026-08-04 16:56:34.270418238,CISO,2026-08-04 17:33:12.922938379
HLT-07-CS003775,HLT-07,2026-08-04 18:17:36.783522002,CERT-In,2026-08-04 19:45:47.131963043
HLT-07-CS003775,HLT-07,2026-08-04 18:27:36.783522002,NCIIPC,
HLT-07-CS003776,HLT-07,2026-08-04 17:48:01.452357246,L2,2026-08-04 18:00:17.199037552
HLT-07-CS003777,HLT-07,2026-08-05 01:11:01.735421498,L2,2026-08-05 01:31:59.751395022
HLT-07-CS003777,HLT-07,2026-08-04 19:50:16.839800234,CERT-In,2026-08-04 22:14:25.220260263
HLT-07-CS003780,HLT-07,2026-08-05 05:41:33.098597246,L2,2026-08-05 05:46:47.849627815
HLT-07-CS003780,HLT-07,2026-08-05 01:50:51.463110137,CERT-In,2026-08-05 04:38:00.077383425
HLT-07-CS003784,HLT-07,2026-08-05 16:38:30.748484294,CISO,2026-08-05 17:38:27.210490477
HLT-07-CS003784,HLT-07,2026-08-05 16:13:22.728416355,CERT-In,2026-08-05 18:24:09.930496199
HLT-07-CS003784,HLT-07,2026-08-05 16:23:22.728416355,NCIIPC,
HLT-07-CS003787,HLT-07,2026-08-05 20:16:05.468110900,L2,2026-08-05 20:27:29.099010232
HLT-07-CS003791,HLT-07,2026-08-05 22:41:29.311597290,L2,2026-08-05 23:34:31.371874809
HLT-07-CS003796,HLT-07,2026-08-06 12:18:33.010568047,CERT-In,2026-08-06 13:14:27.488412052
HLT-07-CS003800,HLT-07,2026-08-06 17:49:27.668547474,L2,2026-08-06 18:29:34.739089635
HLT-07-CS003804,HLT-07,2026-08-07 15:03:08.898031456,L2,2026-08-07 15:41:55.473745206
HLT-07-CS003805,HLT-07,2026-08-07 14:13:59.536020930,L2,2026-08-07 14:56:37.038462125
HLT-07-CS003806,HLT-07,2026-08-07 15:45:31.940832920,CISO,2026-08-07 16:43:57.839099090
HLT-07-CS003806,HLT-07,2026-08-07 14:22:13.059295757,CERT-In,2026-08-07 17:32:02.173602676
HLT-07-CS003806,HLT-07,2026-08-07 14:32:13.059295757,NCIIPC,
HLT-07-CS003808,HLT-07,2026-08-07 16:07:39.300441602,L2,2026-08-07 16:46:21.093251054
HLT-07-CS003808,HLT-07,2026-08-07 17:12:31.993266636,CERT-In,2026-08-07 18:53:52.245449777
HLT-07-CS003809,HLT-07,2026-08-07 18:25:13.066064416,CISO,2026-08-07 18:50:00.576790213
HLT-07-CS003809,HLT-07,2026-08-07 17:52:12.033856409,CERT-In,2026-08-07 21:11:30.239132747
HLT-07-CS003809,HLT-07,2026-08-07 18:02:12.033856409,NCIIPC,
HLT-07-CS003815,HLT-07,2026-08-08 11:36:50.740891577,L2,2026-08-08 12:05:52.980690667
HLT-07-CS003817,HLT-07,2026-08-08 14:48:09.252887904,L2,2026-08-08 15:00:06.084091483
HLT-07-CS003819,HLT-07,2026-08-08 16:04:50.014898888,L2,2026-08-08 16:35:18.801855243
HLT-07-CS003821,HLT-07,2026-08-08 15:25:21.082284840,L2,2026-08-08 15:57:49.440681808
HLT-07-CS003826,HLT-07,2026-08-09 04:53:31.600577358,L2,2026-08-09 05:31:38.398920500
HLT-07-CS003831,HLT-07,2026-08-10 02:07:56.631916973,L2,2026-08-10 03:03:36.873385285
HLT-07-CS003836,HLT-07,2026-08-10 09:35:56.517980746,L2,2026-08-10 10:34:55.371648040
HLT-07-CS003838,HLT-07,2026-08-10 12:37:50.867346959,L2,2026-08-10 13:09:29.718392737
HLT-07-CS003838,HLT-07,2026-08-10 13:04:30.017299657,CERT-In,2026-08-10 15:09:15.277099479
HLT-07-CS003843,HLT-07,2026-08-11 02:07:29.920885098,L2,2026-08-11 02:48:49.737692564
HLT-07-CS003843,HLT-07,2026-08-11 01:45:59.304682117,CERT-In,2026-08-11 02:50:13.101225399
HLT-07-CS003845,HLT-07,2026-08-11 11:12:43.488684501,L2,2026-08-11 11:38:41.196705549
HLT-07-CS003845,HLT-07,2026-08-11 12:44:50.826320768,CERT-In,2026-08-11 16:10:57.455986838
HLT-07-CS003847,HLT-07,2026-08-11 12:56:51.573335755,L2,2026-08-11 13:35:25.143111687
HLT-07-CS003850,HLT-07,2026-08-11 19:47:24.214212759,CERT-In,2026-08-11 21:23:45.159674788
HLT-07-CS003856,HLT-07,2026-08-12 17:32:16.382449542,CISO,2026-08-12 18:31:12.652477146
HLT-07-CS003856,HLT-07,2026-08-12 17:32:44.717383853,CERT-In,2026-08-12 19:23:51.193872500
HLT-07-CS003856,HLT-07,2026-08-12 17:42:44.717383853,NCIIPC,
HLT-07-CS003857,HLT-07,2026-08-12 20:45:08.717520716,L2,2026-08-12 21:07:55.431672985
HLT-07-CS003857,HLT-07,2026-08-12 20:34:01.864827173,CERT-In,2026-08-12 21:25:35.711047696
HLT-07-CS003859,HLT-07,2026-08-12 23:02:03.651201981,CERT-In,2026-08-13 01:07:41.281609125
HLT-07-CS003859,HLT-07,2026-08-12 23:12:03.651201981,NCIIPC,
HLT-07-CS003862,HLT-07,2026-08-13 06:18:29.038477002,L2,2026-08-13 06:39:28.402563799
HLT-07-CS003865,HLT-07,2026-08-13 13:13:48.773411184,L2,2026-08-13 14:01:40.068081493
HLT-07-CS003866,HLT-07,2026-08-13 14:07:08.329734016,L2,2026-08-13 14:43:15.222637703
HLT-07-CS003869,HLT-07,2026-08-13 18:19:00.003036319,L2,2026-08-13 18:24:55.378668270
HLT-07-CS003873,HLT-07,2026-08-13 23:47:39.680094635,L2,2026-08-14 00:07:49.991006103
HLT-07-CS003877,HLT-07,2026-08-14 08:47:28.271653024,L2,2026-08-14 09:12:08.522607033
HLT-07-CS003878,HLT-07,2026-08-14 06:36:34.990577953,CERT-In,2026-08-14 07:28:01.234541744
HLT-07-CS003878,HLT-07,2026-08-14 06:46:34.990577953,NCIIPC,
HLT-07-CS003884,HLT-07,2026-08-14 13:25:23.771318600,CERT-In,2026-08-14 13:57:31.815825582
HLT-07-CS003884,HLT-07,2026-08-14 13:35:23.771318600,NCIIPC,
HLT-07-CS003885,HLT-07,2026-08-14 15:11:09.881973042,CERT-In,2026-08-14 18:25:00.071621023
HLT-07-CS003885,HLT-07,2026-08-14 15:21:09.881973042,NCIIPC,
HLT-07-CS003890,HLT-07,2026-08-15 11:32:46.630070341,L2,2026-08-15 11:39:36.653447089
HLT-07-CS003895,HLT-07,2026-08-15 14:16:50.939221929,CERT-In,2026-08-15 18:11:48.972595960
HLT-07-CS003897,HLT-07,2026-08-15 18:57:12.120521592,L2,2026-08-15 19:06:38.539574205
HLT-07-CS003897,HLT-07,2026-08-15 22:02:21.197649332,CERT-In,2026-08-15 22:34:53.933367504
HLT-07-CS003902,HLT-07,2026-08-16 10:30:25.012596176,CERT-In,2026-08-16 14:08:57.708358856
HLT-07-CS003902,HLT-07,2026-08-16 10:40:25.012596176,NCIIPC,
HLT-07-CS003903,HLT-07,2026-08-16 11:24:28.389823252,CERT-In,2026-08-16 14:36:42.421507459
HLT-07-CS003903,HLT-07,2026-08-16 11:34:28.389823252,NCIIPC,
HLT-07-CS003904,HLT-07,2026-08-16 17:32:10.558810533,L2,2026-08-16 18:30:28.466727539
HLT-07-CS003904,HLT-07,2026-08-16 13:47:18.705463944,CERT-In,2026-08-16 15:42:29.534764678
HLT-07-CS003905,HLT-07,2026-08-16 15:39:10.284536031,CISO,2026-08-16 16:01:36.981707614
HLT-07-CS003905,HLT-07,2026-08-16 15:13:47.467428332,CERT-In,2026-08-16 17:04:47.250700446
HLT-07-CS003905,HLT-07,2026-08-16 15:23:47.467428332,NCIIPC,
HLT-07-CS003917,HLT-07,2026-08-17 19:43:51.077916990,L2,2026-08-17 20:09:15.774594102
HLT-07-CS003919,HLT-07,2026-08-18 03:59:57.152702578,CERT-In,2026-08-18 07:36:24.548515992
HLT-07-CS003919,HLT-07,2026-08-18 04:09:57.152702578,NCIIPC,
HLT-07-CS003920,HLT-07,2026-08-17 22:54:45.988804921,L2,2026-08-17 23:43:38.654315375
HLT-07-CS003930,HLT-07,2026-08-19 00:22:56.781308979,CERT-In,2026-08-19 01:07:04.376618804
HLT-07-CS003930,HLT-07,2026-08-19 00:32:56.781308979,NCIIPC,
HLT-07-CS003932,HLT-07,2026-08-19 19:13:20.394403348,L2,2026-08-19 19:42:20.114005614
HLT-07-CS003935,HLT-07,2026-08-19 13:15:15.424637968,CERT-In,2026-08-19 15:23:25.074333140
HLT-07-CS003938,HLT-07,2026-08-19 20:31:55.162083745,CERT-In,2026-08-19 22:28:26.474673664
HLT-07-CS003940,HLT-07,2026-08-19 19:22:21.690192394,L2,2026-08-19 19:34:58.925805688
HLT-07-CS003942,HLT-07,2026-08-20 10:48:47.780726436,L2,2026-08-20 11:08:38.689165823
HLT-07-CS003943,HLT-07,2026-08-20 14:28:32.356870564,CISO,2026-08-20 15:11:44.683551324
HLT-07-CS003943,HLT-07,2026-08-20 17:17:03.208966435,CERT-In,2026-08-20 19:48:34.637250994
HLT-07-CS003943,HLT-07,2026-08-20 17:27:03.208966435,NCIIPC,
HLT-07-CS003946,HLT-07,2026-08-20 19:44:03.291053258,L2,2026-08-20 20:18:49.076622455
HLT-07-CS003948,HLT-07,2026-08-20 22:34:39.930837626,L2,2026-08-20 23:22:18.906644678
HLT-07-CS003950,HLT-07,2026-08-21 10:45:26.912831807,CERT-In,2026-08-21 11:51:39.422098332
HLT-07-CS003950,HLT-07,2026-08-21 10:55:26.912831807,NCIIPC,
HLT-07-CS003959,HLT-07,2026-08-21 16:59:13.972100027,CISO,2026-08-21 17:18:57.819135077
HLT-07-CS003959,HLT-07,2026-08-21 18:15:40.892459220,CERT-In,2026-08-21 21:40:49.564257078
HLT-07-CS003959,HLT-07,2026-08-21 18:25:40.892459220,NCIIPC,
HLT-07-CS003960,HLT-07,2026-08-21 19:41:17.217831153,L2,2026-08-21 20:24:20.750773062
HLT-07-CS003962,HLT-07,2026-08-22 05:52:47.489271599,L2,2026-08-22 06:51:23.237752257
HLT-07-CS003966,HLT-07,2026-08-22 11:54:13.626471675,L2,2026-08-22 12:42:47.189490828
HLT-07-CS003969,HLT-07,2026-08-22 12:49:30.183473130,CISO,2026-08-22 13:36:50.668314487
HLT-07-CS003969,HLT-07,2026-08-22 15:01:19.937928298,CERT-In,2026-08-22 16:40:23.264835577
HLT-07-CS003969,HLT-07,2026-08-22 15:11:19.937928298,NCIIPC,
HLT-07-CS003970,HLT-07,2026-08-22 18:53:35.554081990,L2,2026-08-22 19:18:27.672788243
HLT-07-CS003970,HLT-07,2026-08-22 15:39:36.069887566,CERT-In,2026-08-22 17:28:14.904224207
HLT-07-CS003975,HLT-07,2026-08-23 07:57:31.713661499,CERT-In,2026-08-23 09:57:46.562809737
HLT-07-CS003975,HLT-07,2026-08-23 08:07:31.713661499,NCIIPC,
HLT-07-CS003977,HLT-07,2026-08-23 11:03:31.965841468,CISO,2026-08-23 11:20:46.379650593
HLT-07-CS003977,HLT-07,2026-08-23 09:14:34.026564578,CERT-In,2026-08-23 10:59:38.815297560
HLT-07-CS003977,HLT-07,2026-08-23 09:24:34.026564578,NCIIPC,
HLT-07-CS003981,HLT-07,2026-08-23 16:31:20.231554148,L2,2026-08-23 17:26:32.064040766
HLT-07-CS003985,HLT-07,2026-08-23 16:53:04.168423582,L2,2026-08-23 17:31:11.206565641
HLT-07-CS003989,HLT-07,2026-08-23 20:18:55.874321622,L2,2026-08-23 21:06:57.639080894
HLT-07-CS003990,HLT-07,2026-08-23 19:32:43.312668742,L2,2026-08-23 20:25:27.490761017
HLT-07-CS003990,HLT-07,2026-08-23 22:51:54.566304476,CERT-In,2026-08-24 00:10:53.865990979
HLT-07-CS003994,HLT-07,2026-08-24 09:20:24.829333582,CISO,2026-08-24 09:25:51.226101150
HLT-07-CS003994,HLT-07,2026-08-24 10:22:34.763564691,CERT-In,2026-08-24 13:50:23.771016953
HLT-07-CS003994,HLT-07,2026-08-24 10:32:34.763564691,NCIIPC,
HLT-07-CS003998,HLT-07,2026-08-24 17:16:49.953662911,L2,2026-08-24 18:11:00.243880495
HLT-07-CS003998,HLT-07,2026-08-24 16:58:26.064562552,CERT-In,2026-08-24 18:36:15.320759755
HLT-07-CS003999,HLT-07,2026-08-24 17:04:53.638884857,L2,2026-08-24 17:53:37.410689755
HLT-07-CS004005,HLT-07,2026-08-25 14:11:00.874582096,CERT-In,2026-08-25 16:39:29.357276624
HLT-07-CS004005,HLT-07,2026-08-25 14:21:00.874582096,NCIIPC,
HLT-07-CS004006,HLT-07,2026-08-25 14:31:50.794405290,L2,2026-08-25 15:17:07.853506456
HLT-07-CS004006,HLT-07,2026-08-25 15:26:55.020505155,CERT-In,2026-08-25 17:04:45.342737832
HLT-07-CS004016,HLT-07,2026-08-26 13:24:03.559016690,L2,2026-08-26 14:18:15.227031921
HLT-07-CS004017,HLT-07,2026-08-26 12:49:53.929575882,L2,2026-08-26 13:04:05.607285291
HLT-07-CS004018,HLT-07,2026-08-26 13:43:49.586218438,L2,2026-08-26 14:12:23.356076120
HLT-07-CS004024,HLT-07,2026-08-27 13:47:23.473286080,L2,2026-08-27 14:12:25.070572679
HLT-07-CS004028,HLT-07,2026-08-27 15:48:57.990932603,CERT-In,2026-08-27 17:08:53.728660260
HLT-07-CS004029,HLT-07,2026-08-27 16:12:06.135274134,L2,2026-08-27 16:26:52.538203113
HLT-07-CS004030,HLT-07,2026-08-27 14:18:23.698986448,L2,2026-08-27 14:26:03.524388262
HLT-07-CS004031,HLT-07,2026-08-27 20:00:26.410044981,CERT-In,2026-08-27 22:22:11.327926816
HLT-07-CS004031,HLT-07,2026-08-27 20:10:26.410044981,NCIIPC,
HLT-07-CS004035,HLT-07,2026-08-27 23:00:35.268952979,L2,2026-08-27 23:51:17.923468227
HLT-07-CS004037,HLT-07,2026-08-27 20:37:38.022228512,L2,2026-08-27 20:43:39.874905764
HLT-07-CS004042,HLT-07,2026-08-28 09:35:07.752799391,CISO,2026-08-28 10:02:20.081422370
HLT-07-CS004042,HLT-07,2026-08-28 13:53:57.909422637,CERT-In,2026-08-28 16:21:22.030904647
HLT-07-CS004042,HLT-07,2026-08-28 14:03:57.909422637,NCIIPC,
HLT-07-CS004045,HLT-07,2026-08-28 19:43:50.820379691,CISO,2026-08-28 20:15:53.805516114
HLT-07-CS004045,HLT-07,2026-08-28 13:00:01.653379289,CERT-In,2026-08-28 16:18:08.986150328
HLT-07-CS004045,HLT-07,2026-08-28 13:10:01.653379289,NCIIPC,
HLT-07-CS004046,HLT-07,2026-08-28 17:45:29.815449361,CERT-In,2026-08-28 18:57:16.831065907
HLT-07-CS004055,HLT-07,2026-08-28 22:50:04.515961694,L2,2026-08-28 23:50:01.246941739
HLT-07-CS004055,HLT-07,2026-08-29 00:35:28.270404405,CERT-In,2026-08-29 03:47:25.822998203
HLT-07-CS004058,HLT-07,2026-08-29 12:38:40.444526440,L2,2026-08-29 13:32:28.054935110
HLT-07-CS004062,HLT-07,2026-08-29 17:32:27.382192483,CERT-In,2026-08-29 20:55:46.271093697
HLT-07-CS004065,HLT-07,2026-08-30 03:32:04.270505539,L2,2026-08-30 03:38:37.303600044
HLT-07-CS004065,HLT-07,2026-08-30 02:31:58.841301988,CERT-In,2026-08-30 03:19:19.769717638
HLT-07-CS004067,HLT-07,2026-08-30 11:32:18.525393336,CERT-In,2026-08-30 15:21:07.321899604
HLT-07-CS004067,HLT-07,2026-08-30 11:42:18.525393336,NCIIPC,
HLT-07-CS004069,HLT-07,2026-08-30 11:44:10.883517618,L2,2026-08-30 12:09:25.802003006
HLT-07-CS004073,HLT-07,2026-08-30 17:35:37.515975698,CISO,2026-08-30 17:57:41.113969454
HLT-07-CS004073,HLT-07,2026-08-30 18:06:24.911881551,CERT-In,2026-08-30 18:51:34.152326158
HLT-07-CS004073,HLT-07,2026-08-30 18:16:24.911881551,NCIIPC,
HLT-07-CS004075,HLT-07,2026-08-30 19:19:17.686645064,CERT-In,2026-08-30 22:33:10.933519695
HLT-07-CS004079,HLT-07,2026-08-31 15:10:49.957941938,L2,2026-08-31 15:29:44.346847562
HLT-07-CS004091,HLT-07,2026-09-01 12:49:28.154282950,L2,2026-09-01 13:00:05.217087517
HLT-07-CS004091,HLT-07,2026-09-01 17:56:03.339056421,CERT-In,2026-09-01 19:23:32.871996511
HLT-07-CS004100,HLT-07,2026-09-02 10:19:24.172372848,CISO,2026-09-02 11:10:57.755962896
HLT-07-CS004100,HLT-07,2026-09-02 13:56:04.867545824,CERT-In,2026-09-02 15:27:02.472395324
HLT-07-CS004100,HLT-07,2026-09-02 14:06:04.867545824,NCIIPC,
HLT-07-CS004102,HLT-07,2026-09-02 12:49:39.308630691,L2,2026-09-02 13:19:08.639209690
HLT-07-CS004102,HLT-07,2026-09-02 14:22:59.125047995,CERT-In,2026-09-02 15:10:11.691447779
HLT-07-CS004107,HLT-07,2026-09-03 01:10:05.542132881,L2,2026-09-03 01:32:23.614622659
HLT-07-CS004113,HLT-07,2026-09-03 15:10:59.353566704,CERT-In,2026-09-03 19:01:46.912110069
HLT-07-CS004113,HLT-07,2026-09-03 15:20:59.353566704,NCIIPC,
HLT-07-CS004114,HLT-07,2026-09-03 16:49:05.128038292,L2,2026-09-03 17:32:44.811604370
HLT-07-CS004114,HLT-07,2026-09-03 19:54:01.552880116,CERT-In,2026-09-03 23:12:22.343170727
HLT-07-CS004118,HLT-07,2026-09-03 19:41:43.031533400,L2,2026-09-03 20:14:20.552689243
HLT-07-CS004118,HLT-07,2026-09-03 19:54:14.320705505,CERT-In,2026-09-03 22:49:01.436540833
HLT-07-CS004119,HLT-07,2026-09-04 01:15:41.548482102,L2,2026-09-04 01:51:00.705175270
HLT-07-CS004121,HLT-07,2026-09-04 10:48:19.248950421,L2,2026-09-04 11:20:19.951107092
HLT-07-CS004121,HLT-07,2026-09-04 12:23:08.152223490,CERT-In,2026-09-04 15:31:12.065718823
HLT-07-CS004132,HLT-07,2026-09-05 12:06:02.944847434,CERT-In,2026-09-05 14:25:05.710069824
HLT-07-CS004138,HLT-07,2026-09-05 20:14:56.503705860,CERT-In,2026-09-05 23:35:21.856746734
HLT-07-CS004139,HLT-07,2026-09-05 17:48:18.448663464,L2,2026-09-05 18:35:41.052291030
HLT-07-CS004139,HLT-07,2026-09-06 00:47:16.003388070,CERT-In,2026-09-06 01:52:39.925023579
HLT-07-CS004140,HLT-07,2026-09-05 20:15:01.128293880,L2,2026-09-05 20:49:08.758664708
HLT-07-CS004140,HLT-07,2026-09-05 23:14:09.407506054,CERT-In,2026-09-06 02:23:39.414206052
HLT-07-CS004142,HLT-07,2026-09-06 00:03:34.831464919,L2,2026-09-06 00:17:11.166017121
HLT-07-CS004143,HLT-07,2026-09-06 01:37:45.819809260,L2,2026-09-06 02:11:26.648490734
HLT-07-CS004143,HLT-07,2026-09-06 02:02:26.865468693,CERT-In,2026-09-06 04:49:11.075978098
HLT-07-CS004147,HLT-07,2026-09-06 10:45:37.430259406,L2,2026-09-06 11:06:04.587877419
HLT-07-CS004148,HLT-07,2026-09-06 10:29:33.082633566,L2,2026-09-06 11:05:32.560419495
HLT-07-CS004150,HLT-07,2026-09-06 14:06:55.157999102,L2,2026-09-06 15:01:48.870235829
HLT-07-CS004150,HLT-07,2026-09-06 11:46:24.973354646,CERT-In,2026-09-06 12:28:45.876907794
HLT-07-CS004153,HLT-07,2026-09-06 14:37:34.380002678,CISO,2026-09-06 15:11:52.943927929
HLT-07-CS004153,HLT-07,2026-09-06 14:09:58.939265450,CERT-In,2026-09-06 15:08:33.424419911
HLT-07-CS004153,HLT-07,2026-09-06 14:19:58.939265450,NCIIPC,
HLT-07-CS004154,HLT-07,2026-09-06 15:38:47.479209987,L2,2026-09-06 15:59:43.700740222
HLT-07-CS004158,HLT-07,2026-09-06 19:19:29.866957929,CERT-In,2026-09-06 21:26:29.277768011
HLT-07-CS004164,HLT-07,2026-09-06 20:26:29.771172710,CISO,2026-09-06 20:49:24.112056652
HLT-07-CS004164,HLT-07,2026-09-06 19:54:27.536615700,CERT-In,2026-09-06 22:05:46.291772274
HLT-07-CS004164,HLT-07,2026-09-06 20:04:27.536615700,NCIIPC,
HLT-07-CS004170,HLT-07,2026-09-07 09:41:04.118445896,L2,2026-09-07 10:35:57.900455848
HLT-07-CS004171,HLT-07,2026-09-07 10:19:36.490550776,L2,2026-09-07 11:05:41.247116515
HLT-07-CS004173,HLT-07,2026-09-07 16:18:41.478306040,L2,2026-09-07 16:53:07.726922129
HLT-07-CS004177,HLT-07,2026-09-07 15:11:53.836824446,L2,2026-09-07 15:32:02.633821039
HLT-07-CS004177,HLT-07,2026-09-07 15:24:28.420990090,CERT-In,2026-09-07 19:09:28.048625506
HLT-07-CS004180,HLT-07,2026-09-07 19:13:29.371562877,L2,2026-09-07 19:34:34.061178745
HLT-07-CS004180,HLT-07,2026-09-07 18:47:22.914669241,CERT-In,2026-09-07 21:15:41.042174308
HLT-07-CS004182,HLT-07,2026-09-08 05:37:05.492946634,CERT-In,2026-09-08 08:57:28.396161755
HLT-07-CS004182,HLT-07,2026-09-08 05:47:05.492946634,NCIIPC,
HLT-07-CS004192,HLT-07,2026-09-08 21:10:01.190976747,CERT-In,2026-09-09 01:00:57.094772360
HLT-07-CS004192,HLT-07,2026-09-08 21:20:01.190976747,NCIIPC,
HLT-07-CS004195,HLT-07,2026-09-09 01:21:58.647297051,CISO,2026-09-09 02:03:29.839843446
HLT-07-CS004195,HLT-07,2026-09-09 06:15:49.654335433,CERT-In,2026-09-09 08:15:26.829471313
HLT-07-CS004195,HLT-07,2026-09-09 06:25:49.654335433,NCIIPC,
HLT-07-CS004196,HLT-07,2026-09-09 02:13:50.872097566,L2,2026-09-09 02:19:58.521098081
HLT-07-CS004200,HLT-07,2026-09-09 11:59:06.844793072,L2,2026-09-09 12:51:26.109299907
HLT-07-CS004204,HLT-07,2026-09-09 14:47:27.641538016,L2,2026-09-09 15:10:29.201261432
HLT-07-CS004206,HLT-07,2026-09-09 22:37:20.475613004,L2,2026-09-09 23:31:53.584303465
HLT-07-CS004212,HLT-07,2026-09-10 14:05:45.896257174,CERT-In,2026-09-10 17:18:44.853914164
HLT-07-CS004213,HLT-07,2026-09-10 11:23:53.524252326,L2,2026-09-10 11:58:16.928900589
HLT-07-CS004218,HLT-07,2026-09-11 01:31:18.047650952,L2,2026-09-11 02:18:28.707364258
HLT-07-CS004218,HLT-07,2026-09-10 18:04:36.956741804,CERT-In,2026-09-10 18:53:37.309723388
HLT-07-CS004219,HLT-07,2026-09-10 18:26:36.488594598,L2,2026-09-10 18:47:05.362508016
HLT-07-CS004219,HLT-07,2026-09-10 21:10:23.223535758,CERT-In,2026-09-10 22:23:10.456827167
HLT-07-CS004229,HLT-07,2026-09-11 13:53:10.973335528,L2,2026-09-11 14:23:00.867807131
HLT-07-CS004235,HLT-07,2026-09-12 01:32:39.716031696,L2,2026-09-12 01:49:28.218643362
HLT-07-CS004235,HLT-07,2026-09-12 00:11:10.594926000,CERT-In,2026-09-12 02:39:41.789574357
HLT-07-CS004236,HLT-07,2026-09-12 05:22:57.431254051,L2,2026-09-12 06:14:10.357643480
HLT-07-CS004236,HLT-07,2026-09-12 06:02:42.619595388,CERT-In,2026-09-12 07:33:32.433260100
HLT-07-CS004237,HLT-07,2026-09-12 09:10:12.139080547,L2,2026-09-12 09:38:39.796887304
HLT-07-CS004238,HLT-07,2026-09-12 08:28:46.443007012,CISO,2026-09-12 09:16:14.005210951
HLT-07-CS004238,HLT-07,2026-09-12 09:27:12.939351280,CERT-In,2026-09-12 10:40:10.749081696
HLT-07-CS004238,HLT-07,2026-09-12 09:37:12.939351280,NCIIPC,
HLT-07-CS004239,HLT-07,2026-09-12 10:13:39.670157561,CERT-In,2026-09-12 12:38:15.229940536
HLT-07-CS004243,HLT-07,2026-09-12 19:39:17.646555980,L2,2026-09-12 20:28:23.056332672
HLT-07-CS004244,HLT-07,2026-09-12 15:00:13.046507752,CISO,2026-09-12 15:54:22.674189216
HLT-07-CS004244,HLT-07,2026-09-12 23:09:55.113289081,CERT-In,2026-09-13 01:09:00.176211526
HLT-07-CS004244,HLT-07,2026-09-12 23:19:55.113289081,NCIIPC,
HLT-07-CS004245,HLT-07,2026-09-12 16:34:40.259924039,L2,2026-09-12 17:18:50.731173588
HLT-07-CS004245,HLT-07,2026-09-12 15:41:18.915861835,CERT-In,2026-09-12 18:15:57.162156958
HLT-07-CS004246,HLT-07,2026-09-12 20:18:06.451433136,CISO,2026-09-12 20:26:27.197153969
HLT-07-CS004246,HLT-07,2026-09-12 22:47:12.627916534,CERT-In,2026-09-13 00:12:38.612284591
HLT-07-CS004246,HLT-07,2026-09-12 22:57:12.627916534,NCIIPC,
HLT-07-CS004254,HLT-07,2026-09-13 15:25:21.094775603,L2,2026-09-13 16:14:20.184727972
HLT-07-CS004254,HLT-07,2026-09-13 13:03:06.964835854,CERT-In,2026-09-13 13:36:41.226742894
HLT-07-CS004273,HLT-07,2026-09-15 08:35:06.987269408,CERT-In,2026-09-15 12:32:32.657105469
HLT-07-CS004277,HLT-07,2026-09-15 14:11:24.019243196,CISO,2026-09-15 14:38:41.421018672
HLT-07-CS004277,HLT-07,2026-09-15 14:41:22.897552304,CERT-In,2026-09-15 18:30:17.765520470
HLT-07-CS004277,HLT-07,2026-09-15 14:51:22.897552304,NCIIPC,
HLT-07-CS004279,HLT-07,2026-09-15 15:10:56.353207867,L2,2026-09-15 15:24:52.231326650
HLT-07-CS004279,HLT-07,2026-09-15 15:35:06.004776613,CERT-In,2026-09-15 17:32:43.841247990
HLT-07-CS004283,HLT-07,2026-09-15 18:45:05.113156998,L2,2026-09-15 19:23:31.712551403
HLT-07-CS004285,HLT-07,2026-09-15 19:17:00.992639355,L2,2026-09-15 19:54:46.417205112
HLT-07-CS004293,HLT-07,2026-09-16 16:53:20.953667872,CISO,2026-09-16 17:28:59.399883538
HLT-07-CS004293,HLT-07,2026-09-16 13:58:17.211614610,CERT-In,2026-09-16 16:43:40.951700063
HLT-07-CS004293,HLT-07,2026-09-16 14:08:17.211614610,NCIIPC,
HLT-07-CS004297,HLT-07,2026-09-16 20:54:41.581829372,CISO,2026-09-16 21:21:46.771336546
HLT-07-CS004297,HLT-07,2026-09-16 16:52:21.717435757,CERT-In,2026-09-16 18:41:32.893666052
HLT-07-CS004297,HLT-07,2026-09-16 17:02:21.717435757,NCIIPC,
HLT-07-CS004298,HLT-07,2026-09-16 18:47:54.965090374,CISO,2026-09-16 19:26:33.315359599
HLT-07-CS004298,HLT-07,2026-09-16 17:49:33.263289495,CERT-In,2026-09-16 21:19:50.634616818
HLT-07-CS004298,HLT-07,2026-09-16 17:59:33.263289495,NCIIPC,
HLT-07-CS004300,HLT-07,2026-09-16 19:54:33.812797347,CISO,2026-09-16 20:15:13.980179499
HLT-07-CS004300,HLT-07,2026-09-16 20:16:10.472569160,CERT-In,2026-09-16 22:46:49.888179151
HLT-07-CS004300,HLT-07,2026-09-16 20:26:10.472569160,NCIIPC,
HLT-07-CS004302,HLT-07,2026-09-17 03:34:01.119636593,L2,2026-09-17 03:48:39.036407124
HLT-07-CS004303,HLT-07,2026-09-17 05:21:38.106356826,L2,2026-09-17 06:00:01.470246086
HLT-07-CS004304,HLT-07,2026-09-17 07:09:47.611630791,CERT-In,2026-09-17 07:53:31.402189606
HLT-07-CS004307,HLT-07,2026-09-17 15:01:10.499427612,L2,2026-09-17 15:25:55.659461710
HLT-07-CS004308,HLT-07,2026-09-17 15:17:51.940672624,CERT-In,2026-09-17 17:08:55.179520321
HLT-07-CS004308,HLT-07,2026-09-17 15:27:51.940672624,NCIIPC,
HLT-07-CS004310,HLT-07,2026-09-17 16:42:35.090310897,L2,2026-09-17 17:14:18.569224664
HLT-07-CS004310,HLT-07,2026-09-17 15:29:40.916241529,CERT-In,2026-09-17 18:53:41.467394726
HLT-07-CS004311,HLT-07,2026-09-17 15:36:09.257100210,CISO,2026-09-17 15:48:34.698578996
HLT-07-CS004311,HLT-07,2026-09-17 19:43:12.603419672,CERT-In,2026-09-17 22:40:44.679756221
HLT-07-CS004311,HLT-07,2026-09-17 19:53:12.603419672,NCIIPC,
HLT-07-CS004315,HLT-07,2026-09-18 06:03:52.993369237,L2,2026-09-18 06:32:33.174970235
HLT-07-CS004319,HLT-07,2026-09-18 08:10:36.204706338,L2,2026-09-18 09:10:15.095572830
HLT-07-CS004328,HLT-07,2026-09-18 14:34:14.881946308,CISO,2026-09-18 15:11:56.344079520
HLT-07-CS004328,HLT-07,2026-09-18 17:21:46.869565462,CERT-In,2026-09-18 18:12:34.981813352
HLT-07-CS004328,HLT-07,2026-09-18 17:31:46.869565462,NCIIPC,
HLT-07-CS004331,HLT-07,2026-09-18 18:28:18.796982360,L2,2026-09-18 18:45:38.805239523
HLT-07-CS004334,HLT-07,2026-09-19 07:46:20.396133964,CISO,2026-09-19 08:15:55.500311952
HLT-07-CS004334,HLT-07,2026-09-19 08:51:09.275185441,CERT-In,2026-09-19 09:51:48.745844608
HLT-07-CS004334,HLT-07,2026-09-19 09:01:09.275185441,NCIIPC,
HLT-07-CS004335,HLT-07,2026-09-19 12:07:38.946091672,L2,2026-09-19 12:59:27.845984093
HLT-07-CS004338,HLT-07,2026-09-19 15:03:10.979821745,CERT-In,2026-09-19 16:36:46.806151505
HLT-07-CS004338,HLT-07,2026-09-19 15:13:10.979821745,NCIIPC,
HLT-07-CS004340,HLT-07,2026-09-19 19:22:27.238223372,L2,2026-09-19 20:20:41.030275829
HLT-07-CS004340,HLT-07,2026-09-19 19:37:28.298710474,CERT-In,2026-09-19 21:04:31.442854163
HLT-07-CS004343,HLT-07,2026-09-20 10:39:41.502008290,L2,2026-09-20 11:29:19.786552638
HLT-07-CS004345,HLT-07,2026-09-20 11:49:36.876722250,CERT-In,2026-09-20 12:55:23.726697143
HLT-07-CS004345,HLT-07,2026-09-20 11:59:36.876722250,NCIIPC,
HLT-07-CS004351,HLT-07,2026-09-20 20:58:33.437149156,L2,2026-09-20 21:51:05.924187465
HLT-07-CS004354,HLT-07,2026-09-20 19:23:51.942577650,L2,2026-09-20 20:02:22.951907315
HLT-07-CS004354,HLT-07,2026-09-20 21:26:06.239878844,CERT-In,2026-09-20 22:11:43.717346248
HLT-07-CS004355,HLT-07,2026-09-20 21:22:14.034924901,CISO,2026-09-20 21:45:30.480122586
HLT-07-CS004355,HLT-07,2026-09-20 20:18:44.538631525,CERT-In,2026-09-21 00:10:34.947652037
HLT-07-CS004355,HLT-07,2026-09-20 20:28:44.538631525,NCIIPC,
HLT-07-CS004361,HLT-07,2026-09-21 12:22:53.455428060,L2,2026-09-21 12:55:03.990744466
HLT-07-CS004364,HLT-07,2026-09-21 14:38:49.734343270,L2,2026-09-21 15:13:43.269540388
HLT-07-CS004365,HLT-07,2026-09-21 16:14:14.418369837,CERT-In,2026-09-21 20:02:39.273744028
HLT-07-CS004368,HLT-07,2026-09-21 17:56:49.107251866,CISO,2026-09-21 18:09:20.690878293
HLT-07-CS004368,HLT-07,2026-09-21 18:17:42.693783387,CERT-In,2026-09-21 20:38:58.801564766
HLT-07-CS004368,HLT-07,2026-09-21 18:27:42.693783387,NCIIPC,
HLT-07-CS004375,HLT-07,2026-09-22 12:17:44.087874198,CERT-In,2026-09-22 14:14:25.394880447
HLT-07-CS004375,HLT-07,2026-09-22 12:27:44.087874198,NCIIPC,
HLT-07-CS004386,HLT-07,2026-09-23 18:32:21.345317254,CISO,2026-09-23 18:37:33.979368842
HLT-07-CS004386,HLT-07,2026-09-23 17:27:26.008171416,CERT-In,2026-09-23 18:12:26.820457381
HLT-07-CS004386,HLT-07,2026-09-23 17:37:26.008171416,NCIIPC,
HLT-07-CS004397,HLT-07,2026-09-24 10:00:38.407212572,L2,2026-09-24 10:37:26.862685184
HLT-07-CS004401,HLT-07,2026-09-24 16:30:51.131225562,L2,2026-09-24 17:23:46.822184471
HLT-07-CS004405,HLT-07,2026-09-25 11:33:37.794943994,L2,2026-09-25 12:04:14.482957133
HLT-07-CS004407,HLT-07,2026-09-25 12:57:21.925700580,L2,2026-09-25 13:29:08.237041607
HLT-07-CS004416,HLT-07,2026-09-26 07:59:28.293521008,L2,2026-09-26 08:07:25.159689014
HLT-07-CS004420,HLT-07,2026-09-26 15:37:38.889325187,L2,2026-09-26 16:23:58.304589269
HLT-07-CS004421,HLT-07,2026-09-26 16:08:52.906348735,L2,2026-09-26 16:24:34.231901030
HLT-07-CS004425,HLT-07,2026-09-26 23:39:35.144819842,L2,2026-09-27 00:12:41.740306783
HLT-07-CS004425,HLT-07,2026-09-27 00:57:47.661082300,CERT-In,2026-09-27 01:57:59.154240562
HLT-07-CS004426,HLT-07,2026-09-27 03:40:33.910352680,L2,2026-09-27 04:05:32.970167166
HLT-07-CS004428,HLT-07,2026-09-27 17:11:16.460459502,L2,2026-09-27 17:32:57.236005149
HLT-07-CS004428,HLT-07,2026-09-27 11:56:21.171634352,CERT-In,2026-09-27 13:21:37.190751097
HLT-07-CS004429,HLT-07,2026-09-27 16:53:04.279819489,L2,2026-09-27 17:17:33.466464990
HLT-07-CS004437,HLT-07,2026-09-27 18:27:28.878541252,L2,2026-09-27 19:03:10.856615001
HLT-07-CS004446,HLT-07,2026-09-28 11:39:40.335223998,CISO,2026-09-28 12:33:39.201852485
HLT-07-CS004446,HLT-07,2026-09-28 12:22:28.521466819,CERT-In,2026-09-28 15:24:30.463182272
HLT-07-CS004446,HLT-07,2026-09-28 12:32:28.521466819,NCIIPC,
HLT-07-CS004447,HLT-07,2026-09-28 14:08:20.002166455,L2,2026-09-28 14:40:49.489889260
HLT-07-CS004448,HLT-07,2026-09-28 16:31:25.012603462,L2,2026-09-28 17:07:21.094667575
HLT-07-CS004448,HLT-07,2026-09-28 16:57:59.802803176,CERT-In,2026-09-28 18:18:48.213199693
HLT-07-CS004452,HLT-07,2026-09-28 20:05:52.371593849,L2,2026-09-28 20:28:26.831017316
HLT-07-CS004452,HLT-07,2026-09-28 19:51:07.959836511,CERT-In,2026-09-28 21:43:27.206215247
HLT-07-CS004453,HLT-07,2026-09-29 01:42:08.083425553,L2,2026-09-29 02:04:43.349804574
HLT-07-CS004456,HLT-07,2026-09-29 11:45:05.388685387,L2,2026-09-29 12:24:21.836975294
HLT-07-CS004459,HLT-07,2026-09-29 12:44:41.240835188,CERT-In,2026-09-29 15:47:37.664049557
HLT-07-CS004459,HLT-07,2026-09-29 12:54:41.240835188,NCIIPC,
HLT-07-CS004461,HLT-07,2026-09-29 13:48:46.170242037,CISO,2026-09-29 13:58:51.849759913
HLT-07-CS004464,HLT-07,2026-09-29 16:11:00.797842201,L2,2026-09-29 16:40:13.391122619
HLT-07-CS004466,HLT-07,2026-09-29 15:54:14.800407168,L2,2026-09-29 16:35:34.317567152
HLT-07-CS004467,HLT-07,2026-09-29 16:39:49.632728161,CERT-In,2026-09-29 17:27:13.814282816
HLT-07-CS004468,HLT-07,2026-09-29 17:39:51.492047106,CISO,2026-09-29 18:02:52.615886956
HLT-07-CS004468,HLT-07,2026-09-29 16:47:29.437694258,CERT-In,2026-09-29 18:06:20.404604594
HLT-07-CS004468,HLT-07,2026-09-29 16:57:29.437694258,NCIIPC,
HLT-07-CS004470,HLT-07,2026-09-29 21:29:03.586983499,CISO,2026-09-29 21:47:04.887134264
HLT-07-CS004470,HLT-07,2026-09-29 19:19:56.487614472,CERT-In,2026-09-29 22:43:21.200542603
HLT-07-CS004470,HLT-07,2026-09-29 19:29:56.487614472,NCIIPC,
HLT-07-CS004472,HLT-07,2026-09-29 20:33:49.385845468,L2,2026-09-29 20:39:32.975766727
HLT-07-CS004472,HLT-07,2026-09-29 20:21:25.306211664,CERT-In,2026-09-29 23:24:21.161983948
HLT-07-CS004483,HLT-07,2026-09-30 16:54:14.356125300,L2,2026-09-30 17:03:49.405732671
HLT-07-CS004485,HLT-07,2026-09-30 18:10:09.180293630,L2,2026-09-30 19:02:06.892670061
HLT-07-CS004486,HLT-07,2026-09-30 18:58:10.903920288,CERT-In,2026-09-30 19:59:09.765602717
HLT-07-CS004486,HLT-07,2026-09-30 19:08:10.903920288,NCIIPC,
HLT-07-CS004487,HLT-07,2025-10-13 10:26:49.839198156,CERT-In,2025-10-13 13:38:26.630814809
HLT-07-CS004488,HLT-07,2025-10-05 15:19:29.126550043,L2,2025-10-05 16:08:21.985436874
HLT-07-CS004488,HLT-07,2025-10-05 12:27:33.090579168,CERT-In,2025-10-05 15:37:11.846325346
HLT-07-CS004489,HLT-07,2025-10-10 19:21:51.240282481,CISO,2025-10-10 20:11:48.102464410
HLT-07-CS004489,HLT-07,2025-10-10 20:14:55.330885402,CERT-In,2025-10-10 23:25:46.772594142
HLT-07-CS004489,HLT-07,2025-10-10 20:24:55.330885402,NCIIPC,
HLT-07-CS004490,HLT-07,2025-10-11 13:31:47.319064073,CISO,2025-10-11 14:10:25.754869196
HLT-07-CS004490,HLT-07,2025-10-11 16:38:37.877361575,CERT-In,2025-10-11 20:03:40.441882798
HLT-07-CS004490,HLT-07,2025-10-11 16:48:37.877361575,NCIIPC,
HLT-07-CS004492,HLT-07,2025-10-09 17:41:32.721345903,L2,2025-10-09 18:21:51.805204366
HLT-07-CS004493,HLT-07,2025-10-25 06:05:58.872409231,L2,2025-10-25 06:55:47.187830519
HLT-07-CS004493,HLT-07,2025-10-25 04:53:08.510934569,CERT-In,2025-10-25 05:55:04.800189521
HLT-07-CS004494,HLT-07,2025-10-16 15:03:06.781420406,L2,2025-10-16 15:45:33.795737097
HLT-07-CS004494,HLT-07,2025-10-16 14:39:40.802000423,CERT-In,2025-10-16 15:13:40.187078188
HLT-07-CS004495,HLT-07,2025-10-09 15:52:13.733096396,CISO,2025-10-09 16:50:10.033795604
HLT-07-CS004495,HLT-07,2025-10-09 14:18:18.453777763,CERT-In,2025-10-09 16:33:06.756747601
HLT-07-CS004495,HLT-07,2025-10-09 14:28:18.453777763,NCIIPC,
HLT-07-CS004496,HLT-07,2025-10-23 20:19:00.213669600,L2,2025-10-23 20:39:28.048481870
HLT-07-CS004496,HLT-07,2025-10-23 20:28:05.704404676,CERT-In,2025-10-23 21:31:34.912660583
HLT-07-CS004498,HLT-07,2025-10-23 00:06:57.090963308,CISO,2025-10-23 00:17:59.303605475
HLT-07-CS004498,HLT-07,2025-10-22 23:14:00.644644397,CERT-In,2025-10-23 00:55:22.788719201
HLT-07-CS004498,HLT-07,2025-10-22 23:24:00.644644397,NCIIPC,
HLT-07-CS004499,HLT-07,2025-10-15 06:41:19.776039681,CISO,2025-10-15 06:54:21.800392353
HLT-07-CS004499,HLT-07,2025-10-15 07:06:50.019839152,CERT-In,2025-10-15 08:36:12.091941283
HLT-07-CS004499,HLT-07,2025-10-15 07:16:50.019839152,NCIIPC,
HLT-07-CS004500,HLT-07,2025-10-31 03:06:39.036596857,CISO,2025-10-31 04:02:01.427865273
HLT-07-CS004500,HLT-07,2025-10-31 04:10:34.427884423,CERT-In,2025-10-31 06:29:36.251106694
HLT-07-CS004500,HLT-07,2025-10-31 04:20:34.427884423,NCIIPC,
HLT-07-CS004501,HLT-07,2025-10-25 22:32:52.819307881,CISO,2025-10-25 23:00:01.447714963
HLT-07-CS004501,HLT-07,2025-10-25 22:16:13.983394811,CERT-In,2025-10-26 02:04:09.844847631
HLT-07-CS004501,HLT-07,2025-10-25 22:26:13.983394811,NCIIPC,
HLT-07-CS004502,HLT-07,2025-11-06 02:05:58.035205638,L2,2025-11-06 02:22:21.419854474
HLT-07-CS004502,HLT-07,2025-11-06 01:12:43.787862929,CERT-In,2025-11-06 01:55:16.977211944
HLT-07-CS004503,HLT-07,2025-11-03 11:23:16.515338265,CISO,2025-11-03 12:11:58.374219482
HLT-07-CS004503,HLT-07,2025-11-03 12:11:36.069193981,CERT-In,2025-11-03 13:24:35.323102846
HLT-07-CS004503,HLT-07,2025-11-03 12:21:36.069193981,NCIIPC,
HLT-07-CS004504,HLT-07,2025-10-20 07:23:31.203641716,CISO,2025-10-20 07:36:52.025982117
HLT-07-CS004504,HLT-07,2025-10-19 14:28:28.686516801,CERT-In,2025-10-19 17:52:08.815103990
HLT-07-CS004504,HLT-07,2025-10-19 14:38:28.686516801,NCIIPC,
HLT-07-CS004505,HLT-07,2025-11-06 06:41:10.031561853,L2,2025-11-06 07:03:57.648790094
HLT-07-CS004505,HLT-07,2025-11-06 03:52:16.910269133,CERT-In,2025-11-06 05:47:44.658847557
HLT-07-CS004506,HLT-07,2025-10-27 05:16:13.036396269,CERT-In,2025-10-27 08:47:08.417613895
HLT-07-CS004507,HLT-07,2025-10-21 18:58:56.219964913,L2,2025-10-21 19:27:17.664198641
HLT-07-CS004507,HLT-07,2025-10-21 18:26:26.689510751,CERT-In,2025-10-21 19:31:21.079339558
HLT-07-CS004508,HLT-07,2025-11-03 14:36:19.070653969,L2,2025-11-03 14:50:37.628350326
HLT-07-CS004508,HLT-07,2025-11-03 16:59:20.312956061,CERT-In,2025-11-03 19:05:29.392389536
HLT-07-CS004509,HLT-07,2025-10-23 03:11:42.325599987,L2,2025-10-23 03:38:24.048149667
HLT-07-CS004509,HLT-07,2025-10-23 02:20:36.631339147,CERT-In,2025-10-23 04:57:38.346693508
HLT-07-CS004513,HLT-07,2025-10-29 23:48:41.878906819,L2,2025-10-30 00:20:46.217892330
HLT-07-CS004513,HLT-07,2025-10-29 23:08:18.561458316,CERT-In,2025-10-30 00:44:12.200803392
HLT-07-CS004514,HLT-07,2025-11-04 14:55:27.180340735,L2,2025-11-04 15:38:06.801027591
HLT-07-CS004514,HLT-07,2025-11-04 14:57:06.970750613,CERT-In,2025-11-04 18:20:02.936341013
HLT-07-CS004515,HLT-07,2025-10-26 00:11:13.489677838,CERT-In,2025-10-26 00:42:38.786156996
HLT-07-CS004516,HLT-07,2025-10-22 12:03:05.580518297,L2,2025-10-22 12:09:12.724690525
HLT-07-CS004516,HLT-07,2025-10-22 11:21:55.152879681,CERT-In,2025-10-22 15:00:22.798377586
HLT-07-CS004517,HLT-07,2025-10-20 05:35:32.507072695,CERT-In,2025-10-20 08:19:30.013032961
HLT-07-CS004518,HLT-07,2025-11-08 00:15:40.926502635,L2,2025-11-08 00:23:33.647592875
HLT-07-CS004518,HLT-07,2025-11-08 03:09:43.356232798,CERT-In,2025-11-08 06:25:32.851446324
HLT-07-CS004519,HLT-07,2025-11-09 21:29:11.546654402,L2,2025-11-09 21:47:59.528017517
HLT-07-CS004519,HLT-07,2025-11-09 22:06:28.537833138,CERT-In,2025-11-10 01:51:48.550057962
HLT-07-CS004521,HLT-07,2025-10-25 18:22:48.620371059,L2,2025-10-25 18:29:41.172515154
HLT-07-CS004521,HLT-07,2025-10-25 17:42:18.804572586,CERT-In,2025-10-25 20:20:55.400611226
HLT-07-CS004522,HLT-07,2025-10-22 04:49:12.123447232,CISO,2025-10-22 05:27:01.295465195
HLT-07-CS004522,HLT-07,2025-10-22 07:26:08.351847712,CERT-In,2025-10-22 10:43:34.056849551
HLT-07-CS004522,HLT-07,2025-10-22 07:36:08.351847712,NCIIPC,
HLT-07-CS004523,HLT-07,2025-11-04 17:07:20.012586714,CERT-In,2025-11-04 18:52:23.735564105
HLT-07-CS004523,HLT-07,2025-11-04 17:17:20.012586714,NCIIPC,
HLT-07-CS004525,HLT-07,2025-11-17 15:28:04.771023540,CERT-In,2025-11-17 18:14:15.118549428
HLT-07-CS004525,HLT-07,2025-11-17 15:38:04.771023540,NCIIPC,
HLT-07-CS004526,HLT-07,2025-11-17 05:48:18.675670725,CERT-In,2025-11-17 09:27:18.090132055
HLT-07-CS004527,HLT-07,2025-11-13 00:39:36.161192143,CISO,2025-11-13 00:50:28.670518824
HLT-07-CS004527,HLT-07,2025-11-13 00:35:10.194843117,CERT-In,2025-11-13 03:42:03.399636384
HLT-07-CS004527,HLT-07,2025-11-13 00:45:10.194843117,NCIIPC,
HLT-07-CS004529,HLT-07,2025-11-14 11:49:24.281291826,CISO,2025-11-14 12:43:36.547730283
HLT-07-CS004529,HLT-07,2025-11-14 13:34:11.721224005,CERT-In,2025-11-14 16:13:18.723309573
HLT-07-CS004529,HLT-07,2025-11-14 13:44:11.721224005,NCIIPC,
HLT-07-CS004530,HLT-07,2025-11-02 22:46:50.141001228,CISO,2025-11-02 23:15:16.342546343
HLT-07-CS004534,HLT-07,2025-10-30 19:40:21.857184572,L2,2025-10-30 20:14:58.850287170
HLT-07-CS004534,HLT-07,2025-10-30 20:50:10.901240119,CERT-In,2025-10-31 00:39:03.910313868
HLT-07-CS004536,HLT-07,2025-11-18 02:34:45.860826687,CERT-In,2025-11-18 03:21:54.048120245
HLT-07-CS004537,HLT-07,2025-11-17 20:03:16.817361845,L2,2025-11-17 21:01:34.388900295
HLT-07-CS004537,HLT-07,2025-11-17 20:12:23.819004536,CERT-In,2025-11-17 23:10:53.873973937
HLT-07-CS004538,HLT-07,2025-11-25 22:13:10.452138971,CISO,2025-11-25 22:33:20.872394709
HLT-07-CS004543,HLT-07,2025-11-10 00:02:19.980804798,L2,2025-11-10 00:36:03.516298109
HLT-07-CS004543,HLT-07,2025-11-09 23:23:39.106611030,CERT-In,2025-11-10 01:40:36.792834591
HLT-07-CS004544,HLT-07,2025-11-24 20:30:42.665203561,L2,2025-11-24 21:19:32.193968954
HLT-07-CS004544,HLT-07,2025-11-24 19:57:28.370986734,CERT-In,2025-11-24 23:24:01.646600202
HLT-07-CS004545,HLT-07,2025-11-07 14:01:11.045858341,L2,2025-11-07 14:14:57.499930811
HLT-07-CS004545,HLT-07,2025-11-07 15:10:30.007765078,CERT-In,2025-11-07 19:09:58.999808339
HLT-07-CS004546,HLT-07,2025-11-22 04:52:32.228815798,L2,2025-11-22 05:33:14.766311349
HLT-07-CS004546,HLT-07,2025-11-21 23:48:21.563226227,CERT-In,2025-11-22 02:10:44.805007948
HLT-07-CS004547,HLT-07,2025-11-07 10:51:59.887741477,CISO,2025-11-07 11:35:50.456397483
HLT-07-CS004547,HLT-07,2025-11-07 10:38:32.540249317,CERT-In,2025-11-07 11:08:38.914337731
HLT-07-CS004547,HLT-07,2025-11-07 10:48:32.540249317,NCIIPC,
HLT-07-CS004548,HLT-07,2025-11-10 20:59:45.447290299,CERT-In,2025-11-10 22:13:18.214282472
HLT-07-CS004548,HLT-07,2025-11-10 21:09:45.447290299,NCIIPC,
HLT-07-CS004550,HLT-07,2025-11-06 06:42:54.327068339,CERT-In,2025-11-06 08:08:11.307159371
HLT-07-CS004550,HLT-07,2025-11-06 06:52:54.327068339,NCIIPC,
HLT-07-CS004551,HLT-07,2025-11-10 17:52:38.867430277,L2,2025-11-10 18:31:55.379117878
HLT-07-CS004551,HLT-07,2025-11-10 14:01:08.496912047,CERT-In,2025-11-10 14:58:18.681520147
HLT-07-CS004552,HLT-07,2025-11-23 09:00:21.804809783,CISO,2025-11-23 09:07:32.256008103
HLT-07-CS004552,HLT-07,2025-11-23 02:22:52.250591442,CERT-In,2025-11-23 03:41:18.712602838
HLT-07-CS004552,HLT-07,2025-11-23 02:32:52.250591442,NCIIPC,
HLT-07-CS004553,HLT-07,2025-12-02 12:08:03.383305023,CERT-In,2025-12-02 15:44:02.067558955
HLT-07-CS004554,HLT-07,2025-12-04 01:12:51.435656135,L2,2025-12-04 02:03:23.111972260
HLT-07-CS004554,HLT-07,2025-12-04 00:13:55.471755698,CERT-In,2025-12-04 04:09:35.969468766
HLT-07-CS004555,HLT-07,2025-11-17 17:35:42.921717785,L2,2025-11-17 18:16:38.970459961
HLT-07-CS004555,HLT-07,2025-11-17 13:44:18.465239966,CERT-In,2025-11-17 14:16:57.971757207
HLT-07-CS004558,HLT-07,2025-11-24 20:04:06.672408792,L2,2025-11-24 20:37:01.325716576
HLT-07-CS004558,HLT-07,2025-11-24 22:55:44.369181902,CERT-In,2025-11-25 01:15:48.077298856
HLT-07-CS004562,HLT-07,2025-12-05 01:53:00.551047721,CISO,2025-12-05 02:32:13.181980596
HLT-07-CS004562,HLT-07,2025-12-05 04:00:34.290753922,CERT-In,2025-12-05 06:33:50.202196034
HLT-07-CS004562,HLT-07,2025-12-05 04:10:34.290753922,NCIIPC,
HLT-07-CS004563,HLT-07,2025-11-13 20:41:32.433236994,CISO,2025-11-13 21:26:32.427714861
HLT-07-CS004563,HLT-07,2025-11-13 20:08:50.870421862,CERT-In,2025-11-13 23:52:04.272968435
HLT-07-CS004563,HLT-07,2025-11-13 20:18:50.870421862,NCIIPC,
HLT-07-CS004565,HLT-07,2025-12-05 18:17:32.178712126,L2,2025-12-05 19:03:42.040548276
HLT-07-CS004565,HLT-07,2025-12-05 21:06:53.948746123,CERT-In,2025-12-05 23:04:31.827580166
HLT-07-CS004566,HLT-07,2025-12-02 14:56:31.206408408,CISO,2025-12-02 15:48:56.916497381
HLT-07-CS004566,HLT-07,2025-12-02 13:16:04.250373268,CERT-In,2025-12-02 16:42:39.814463397
HLT-07-CS004566,HLT-07,2025-12-02 13:26:04.250373268,NCIIPC,
HLT-07-CS004567,HLT-07,2025-11-26 08:03:21.012832842,CERT-In,2025-11-26 09:33:47.698849353
HLT-07-CS004567,HLT-07,2025-11-26 08:13:21.012832842,NCIIPC,
HLT-07-CS004568,HLT-07,2025-11-30 04:56:50.518932838,CERT-In,2025-11-30 06:26:07.693852723
HLT-07-CS004568,HLT-07,2025-11-30 05:06:50.518932838,NCIIPC,
HLT-07-CS004569,HLT-07,2025-12-01 18:40:06.342329986,CISO,2025-12-01 19:07:50.438476538
HLT-07-CS004569,HLT-07,2025-12-01 20:38:41.631860546,CERT-In,2025-12-01 23:48:42.655238905
HLT-07-CS004569,HLT-07,2025-12-01 20:48:41.631860546,NCIIPC,
HLT-07-CS004571,HLT-07,2025-12-01 01:38:55.313591886,CISO,2025-12-01 02:13:43.668453969
HLT-07-CS004571,HLT-07,2025-11-30 22:46:55.904558661,CERT-In,2025-12-01 00:37:01.300046874
HLT-07-CS004571,HLT-07,2025-11-30 22:56:55.904558661,NCIIPC,
HLT-07-CS004573,HLT-07,2025-11-19 11:03:43.510162347,L2,2025-11-19 11:32:37.813972511
HLT-07-CS004573,HLT-07,2025-11-19 15:06:36.160520807,CERT-In,2025-11-19 17:51:20.383237931
HLT-07-CS004574,HLT-07,2025-11-29 22:34:31.812647018,L2,2025-11-29 23:10:02.405715957
HLT-07-CS004574,HLT-07,2025-11-29 20:28:01.422176947,CERT-In,2025-11-29 23:24:42.753704457
HLT-07-CS004575,HLT-07,2025-11-29 23:02:21.273439863,L2,2025-11-29 23:56:36.541199719
HLT-07-CS004575,HLT-07,2025-11-30 00:31:38.139431189,CERT-In,2025-11-30 01:19:27.494325574
HLT-07-CS004576,HLT-07,2025-12-04 06:16:40.206967188,CISO,2025-12-04 06:58:57.400423854
HLT-07-CS004576,HLT-07,2025-12-04 06:41:11.419535690,CERT-In,2025-12-04 07:32:22.097874368
HLT-07-CS004576,HLT-07,2025-12-04 06:51:11.419535690,NCIIPC,
HLT-07-CS004577,HLT-07,2025-11-23 02:31:30.100854868,L2,2025-11-23 02:41:21.399887730
HLT-07-CS004577,HLT-07,2025-11-23 09:31:25.096330498,CERT-In,2025-11-23 10:27:52.366130242
HLT-07-CS004578,HLT-07,2025-12-06 03:07:02.461145281,L2,2025-12-06 04:04:15.143118351
HLT-07-CS004578,HLT-07,2025-12-06 05:47:17.514060441,CERT-In,2025-12-06 08:12:04.833331258
HLT-07-CS004579,HLT-07,2025-12-07 06:06:44.929319005,CERT-In,2025-12-07 08:36:14.133873320
HLT-07-CS004579,HLT-07,2025-12-07 06:16:44.929319005,NCIIPC,
HLT-07-CS004580,HLT-07,2025-12-17 19:40:52.054385540,CERT-In,2025-12-17 20:31:29.731714869
HLT-07-CS004580,HLT-07,2025-12-17 19:50:52.054385540,NCIIPC,
HLT-07-CS004581,HLT-07,2025-11-30 12:15:04.746974961,CISO,2025-11-30 12:46:47.933230177
HLT-07-CS004581,HLT-07,2025-11-30 13:34:34.575874411,CERT-In,2025-11-30 17:03:13.232444667
HLT-07-CS004581,HLT-07,2025-11-30 13:44:34.575874411,NCIIPC,
HLT-07-CS004582,HLT-07,2025-11-25 11:04:29.896281933,CISO,2025-11-25 11:54:07.440550354
HLT-07-CS004582,HLT-07,2025-11-25 07:47:02.051508043,CERT-In,2025-11-25 08:18:11.491230252
HLT-07-CS004582,HLT-07,2025-11-25 07:57:02.051508043,NCIIPC,
HLT-07-CS004583,HLT-07,2025-12-17 06:32:02.702135260,CISO,2025-12-17 07:14:18.529794452
HLT-07-CS004583,HLT-07,2025-12-17 08:03:50.217305807,CERT-In,2025-12-17 08:48:36.925673371
HLT-07-CS004583,HLT-07,2025-12-17 08:13:50.217305807,NCIIPC,
HLT-07-CS004584,HLT-07,2025-12-17 05:04:05.317234412,CISO,2025-12-17 05:24:04.046620188
HLT-07-CS004584,HLT-07,2025-12-17 05:48:09.258502948,CERT-In,2025-12-17 06:31:56.887353601
HLT-07-CS004584,HLT-07,2025-12-17 05:58:09.258502948,NCIIPC,
HLT-07-CS004585,HLT-07,2025-12-02 06:59:32.681932099,CISO,2025-12-02 07:44:05.816165558
HLT-07-CS004585,HLT-07,2025-12-02 06:47:27.271219033,CERT-In,2025-12-02 07:47:19.295044809
HLT-07-CS004585,HLT-07,2025-12-02 06:57:27.271219033,NCIIPC,
HLT-07-CS004586,HLT-07,2025-11-27 07:17:44.560895790,CERT-In,2025-11-27 10:41:27.408578698
HLT-07-CS004586,HLT-07,2025-11-27 07:27:44.560895790,NCIIPC,
HLT-07-CS004587,HLT-07,2025-12-18 12:29:49.301374835,L2,2025-12-18 13:14:29.897501805
HLT-07-CS004587,HLT-07,2025-12-18 10:42:59.453067815,CERT-In,2025-12-18 13:10:17.496715124
HLT-07-CS004588,HLT-07,2025-12-01 21:11:55.296095568,L2,2025-12-01 22:06:08.035138255
HLT-07-CS004588,HLT-07,2025-12-01 21:34:50.710936819,CERT-In,2025-12-01 22:28:30.749752380
HLT-07-CS004589,HLT-07,2025-12-20 22:42:08.516427663,CISO,2025-12-20 22:59:28.632914125
HLT-07-CS004589,HLT-07,2025-12-20 22:58:48.818492724,CERT-In,2025-12-20 23:52:58.961384458
HLT-07-CS004589,HLT-07,2025-12-20 23:08:48.818492724,NCIIPC,
HLT-07-CS004590,HLT-07,2025-12-15 18:38:48.517570906,CISO,2025-12-15 18:56:31.579521384
HLT-07-CS004590,HLT-07,2025-12-15 19:07:29.576369157,CERT-In,2025-12-15 20:59:59.008265849
HLT-07-CS004590,HLT-07,2025-12-15 19:17:29.576369157,NCIIPC,
HLT-07-CS004591,HLT-07,2025-12-01 13:11:52.232088590,CERT-In,2025-12-01 14:50:50.119635522
HLT-07-CS004591,HLT-07,2025-12-01 13:21:52.232088590,NCIIPC,
HLT-07-CS004592,HLT-07,2025-12-15 13:18:04.812557507,CERT-In,2025-12-15 17:05:24.363748106
HLT-07-CS004592,HLT-07,2025-12-15 13:28:04.812557507,NCIIPC,
HLT-07-CS004593,HLT-07,2025-12-05 06:01:58.230771834,L2,2025-12-05 06:06:58.955867204
HLT-07-CS004593,HLT-07,2025-12-05 05:17:13.090377811,CERT-In,2025-12-05 06:31:26.092130341
HLT-07-CS004595,HLT-07,2025-12-02 04:24:58.207766948,CERT-In,2025-12-02 05:05:48.186738813
HLT-07-CS004595,HLT-07,2025-12-02 04:34:58.207766948,NCIIPC,
HLT-07-CS004596,HLT-07,2025-12-20 16:25:33.942730989,CISO,2025-12-20 17:00:06.378205898
HLT-07-CS004596,HLT-07,2025-12-20 18:38:52.198923720,CERT-In,2025-12-20 22:24:27.038448320
HLT-07-CS004596,HLT-07,2025-12-20 18:48:52.198923720,NCIIPC,
HLT-07-CS004597,HLT-07,2025-12-17 15:14:07.755400934,CISO,2025-12-17 16:10:13.108561137
HLT-07-CS004597,HLT-07,2025-12-17 15:14:30.898278624,CERT-In,2025-12-17 17:00:43.251056066
HLT-07-CS004597,HLT-07,2025-12-17 15:24:30.898278624,NCIIPC,
HLT-07-CS004599,HLT-07,2025-12-18 04:41:48.702465310,CISO,2025-12-18 05:39:17.041919023
HLT-07-CS004599,HLT-07,2025-12-18 04:35:59.832658923,CERT-In,2025-12-18 07:21:05.655302668
HLT-07-CS004599,HLT-07,2025-12-18 04:45:59.832658923,NCIIPC,
HLT-07-CS004600,HLT-07,2025-12-20 16:24:37.383180473,CISO,2025-12-20 17:15:14.054178124
HLT-07-CS004600,HLT-07,2025-12-20 17:49:34.408781494,CERT-In,2025-12-20 19:36:08.826467810
HLT-07-CS004600,HLT-07,2025-12-20 17:59:34.408781494,NCIIPC,
HLT-07-CS004601,HLT-07,2025-12-09 00:58:10.124347438,CERT-In,2025-12-09 04:13:31.645680509
HLT-07-CS004601,HLT-07,2025-12-09 01:08:10.124347438,NCIIPC,
HLT-07-CS004602,HLT-07,2025-12-25 07:57:23.066534463,L2,2025-12-25 08:30:46.111151154
HLT-07-CS004602,HLT-07,2025-12-25 10:02:22.348196715,CERT-In,2025-12-25 12:45:50.272402454
HLT-07-CS004604,HLT-07,2025-12-22 17:56:55.100844586,CISO,2025-12-22 18:05:52.592736731
HLT-07-CS004604,HLT-07,2025-12-22 18:33:38.826368872,CERT-In,2025-12-22 21:26:03.836843253
HLT-07-CS004604,HLT-07,2025-12-22 18:43:38.826368872,NCIIPC,
HLT-07-CS004605,HLT-07,2025-12-13 21:09:25.963076991,CERT-In,2025-12-13 23:59:43.566891618
HLT-07-CS004606,HLT-07,2025-12-13 17:59:57.013605320,CISO,2025-12-13 18:29:08.002783057
HLT-07-CS004606,HLT-07,2025-12-13 17:27:34.905853031,CERT-In,2025-12-13 18:37:12.385773606
HLT-07-CS004606,HLT-07,2025-12-13 17:37:34.905853031,NCIIPC,
HLT-07-CS004607,HLT-07,2025-12-06 20:56:15.596243715,CERT-In,2025-12-07 00:34:43.599883408
HLT-07-CS004608,HLT-07,2025-12-17 18:10:16.030382459,L2,2025-12-17 18:34:11.554900759
HLT-07-CS004608,HLT-07,2025-12-17 17:00:48.655863334,CERT-In,2025-12-17 20:22:02.988273784
HLT-07-CS004609,HLT-07,2025-12-17 23:46:43.150624202,L2,2025-12-18 00:19:55.991258761
HLT-07-CS004609,HLT-07,2025-12-18 00:05:34.356709843,CERT-In,2025-12-18 03:43:16.452079099
HLT-07-CS004610,HLT-07,2025-12-25 16:36:27.759110424,L2,2025-12-25 17:25:50.200908799
HLT-07-CS004610,HLT-07,2025-12-25 13:40:41.271880662,CERT-In,2025-12-25 17:00:38.423458161
HLT-07-CS004620,HLT-07,2025-12-23 16:22:03.649392521,CISO,2025-12-23 16:31:15.707458308
HLT-07-CS004620,HLT-07,2025-12-23 12:59:19.190806970,CERT-In,2025-12-23 16:04:47.451090523
HLT-07-CS004620,HLT-07,2025-12-23 13:09:19.190806970,NCIIPC,
HLT-07-CS004622,HLT-07,2025-12-22 08:48:49.786898990,CISO,2025-12-22 09:45:41.560516967
HLT-07-CS004622,HLT-07,2025-12-22 09:54:51.562507845,CERT-In,2025-12-22 13:11:37.436084694
HLT-07-CS004622,HLT-07,2025-12-22 10:04:51.562507845,NCIIPC,
HLT-07-CS004623,HLT-07,2026-01-04 20:02:48.168254655,L2,2026-01-04 21:02:31.320256799
HLT-07-CS004623,HLT-07,2026-01-04 17:04:56.149110756,CERT-In,2026-01-04 20:50:10.796837321
HLT-07-CS004624,HLT-07,2025-12-16 09:08:26.189287500,CERT-In,2025-12-16 12:28:31.873255536
HLT-07-CS004624,HLT-07,2025-12-16 09:18:26.189287500,NCIIPC,
HLT-07-CS004625,HLT-07,2025-12-31 16:24:43.930819499,L2,2025-12-31 17:20:08.809653998
HLT-07-CS004625,HLT-07,2025-12-31 16:56:09.296077793,CERT-In,2025-12-31 17:50:02.042689664
HLT-07-CS004626,HLT-07,2025-12-23 00:46:40.347427653,CERT-In,2025-12-23 03:27:00.114889978
HLT-07-CS004626,HLT-07,2025-12-23 00:56:40.347427653,NCIIPC,
HLT-07-CS004627,HLT-07,2025-12-23 12:15:52.834920613,CISO,2025-12-23 12:55:57.785021218
HLT-07-CS004627,HLT-07,2025-12-23 10:44:50.371796163,CERT-In,2025-12-23 11:58:37.894062279
HLT-07-CS004627,HLT-07,2025-12-23 10:54:50.371796163,NCIIPC,
HLT-07-CS004629,HLT-07,2025-12-18 07:15:14.415426018,CERT-In,2025-12-18 08:14:06.849838271
HLT-07-CS004630,HLT-07,2025-12-25 08:55:00.600082495,CISO,2025-12-25 09:41:03.044182352
HLT-07-CS004630,HLT-07,2025-12-25 05:28:01.215915194,CERT-In,2025-12-25 08:40:55.300027381
HLT-07-CS004630,HLT-07,2025-12-25 05:38:01.215915194,NCIIPC,
HLT-07-CS004632,HLT-07,2026-01-07 21:12:09.146451190,CISO,2026-01-07 21:36:08.992483369
HLT-07-CS004632,HLT-07,2026-01-07 18:23:35.463881481,CERT-In,2026-01-07 19:06:04.375516613
HLT-07-CS004632,HLT-07,2026-01-07 18:33:35.463881481,NCIIPC,
HLT-07-CS004634,HLT-07,2025-12-19 20:37:38.437512272,L2,2025-12-19 21:17:01.341694256
HLT-07-CS004634,HLT-07,2025-12-19 21:24:55.758635676,CERT-In,2025-12-20 01:15:41.051779531
HLT-07-CS004635,HLT-07,2026-01-01 16:11:09.342049228,L2,2026-01-01 17:10:53.304525323
HLT-07-CS004635,HLT-07,2026-01-01 16:31:35.311675190,CERT-In,2026-01-01 18:08:20.843636722
HLT-07-CS004637,HLT-07,2026-01-17 13:49:17.353395912,L2,2026-01-17 14:02:50.462314955
HLT-07-CS004637,HLT-07,2026-01-17 10:38:22.338476241,CERT-In,2026-01-17 12:06:20.087880696
HLT-07-CS004638,HLT-07,2026-01-06 09:33:04.175110879,CERT-In,2026-01-06 10:07:21.324863786
HLT-07-CS004638,HLT-07,2026-01-06 09:43:04.175110879,NCIIPC,
HLT-07-CS004639,HLT-07,2026-01-22 08:29:27.883967232,CISO,2026-01-22 09:19:06.602712950
HLT-07-CS004639,HLT-07,2026-01-22 09:00:35.615647094,CERT-In,2026-01-22 12:17:41.578527001
HLT-07-CS004639,HLT-07,2026-01-22 09:10:35.615647094,NCIIPC,
HLT-07-CS004641,HLT-07,2025-12-29 23:35:16.577073487,CISO,2025-12-30 00:18:08.298689241
HLT-07-CS004641,HLT-07,2025-12-30 00:47:08.944287100,CERT-In,2025-12-30 04:33:21.165837994
HLT-07-CS004641,HLT-07,2025-12-30 00:57:08.944287100,NCIIPC,
HLT-07-CS004642,HLT-07,2026-01-07 15:01:58.714556141,CISO,2026-01-07 15:52:39.518670620
HLT-07-CS004642,HLT-07,2026-01-07 15:48:00.872686546,CERT-In,2026-01-07 18:41:46.263213388
HLT-07-CS004642,HLT-07,2026-01-07 15:58:00.872686546,NCIIPC,
HLT-07-CS004643,HLT-07,2026-01-17 12:21:07.949680597,CERT-In,2026-01-17 13:49:19.429826575
HLT-07-CS004643,HLT-07,2026-01-17 12:31:07.949680597,NCIIPC,
HLT-07-CS004645,HLT-07,2026-01-04 01:38:12.279421889,CERT-In,2026-01-04 03:07:52.217800429
HLT-07-CS004645,HLT-07,2026-01-04 01:48:12.279421889,NCIIPC,
HLT-07-CS004646,HLT-07,2026-01-21 14:56:47.134091000,CISO,2026-01-21 15:08:10.775022287
HLT-07-CS004646,HLT-07,2026-01-21 15:39:13.557337137,CERT-In,2026-01-21 18:52:18.229983850
HLT-07-CS004646,HLT-07,2026-01-21 15:49:13.557337137,NCIIPC,
HLT-07-CS004647,HLT-07,2026-01-18 05:08:47.041730982,CISO,2026-01-18 05:24:44.580828141
HLT-07-CS004647,HLT-07,2026-01-18 05:52:05.100471308,CERT-In,2026-01-18 09:29:23.099721103
HLT-07-CS004647,HLT-07,2026-01-18 06:02:05.100471308,NCIIPC,
HLT-07-CS004648,HLT-07,2026-01-15 22:12:09.512973411,L2,2026-01-15 22:28:04.319466488
HLT-07-CS004648,HLT-07,2026-01-16 00:02:12.024094230,CERT-In,2026-01-16 01:47:30.047674226
HLT-07-CS004649,HLT-07,2026-01-18 17:43:14.118264640,L2,2026-01-18 18:21:32.509606644
HLT-07-CS004652,HLT-07,2026-01-22 22:32:46.350733056,CERT-In,2026-01-23 02:25:01.037898750
HLT-07-CS004653,HLT-07,2026-01-21 04:51:26.375603972,CERT-In,2026-01-21 06:56:05.216594249
HLT-07-CS004654,HLT-07,2026-01-04 17:47:05.556038187,L2,2026-01-04 18:17:12.578711553
HLT-07-CS004654,HLT-07,2026-01-04 20:27:52.268235174,CERT-In,2026-01-04 21:54:53.050699433
HLT-07-CS004655,HLT-07,2026-01-18 09:05:24.150876572,CERT-In,2026-01-18 12:16:39.040171199
HLT-07-CS004656,HLT-07,2026-01-18 13:14:18.370027965,L2,2026-01-18 14:05:49.182050480
HLT-07-CS004656,HLT-07,2026-01-18 14:22:08.921096818,CERT-In,2026-01-18 17:32:17.232089321
HLT-07-CS004657,HLT-07,2026-01-24 06:17:23.440332585,L2,2026-01-24 07:05:29.291161883
HLT-07-CS004657,HLT-07,2026-01-24 11:21:28.050692069,CERT-In,2026-01-24 13:05:47.145490122
HLT-07-CS004658,HLT-07,2026-01-30 23:43:56.452796258,L2,2026-01-30 23:55:04.654290252
HLT-07-CS004658,HLT-07,2026-01-31 01:08:31.831707437,CERT-In,2026-01-31 02:02:40.086039210
HLT-07-CS004659,HLT-07,2026-01-28 12:05:15.144537127,L2,2026-01-28 12:16:09.445624632
HLT-07-CS004659,HLT-07,2026-01-28 13:34:00.407536341,CERT-In,2026-01-28 14:07:54.206869203
HLT-07-CS004661,HLT-07,2026-01-20 00:30:46.431292082,CISO,2026-01-20 00:56:47.873137910
HLT-07-CS004661,HLT-07,2026-01-19 23:30:42.453008109,CERT-In,2026-01-20 01:01:16.831149236
HLT-07-CS004661,HLT-07,2026-01-19 23:40:42.453008109,NCIIPC,
HLT-07-CS004662,HLT-07,2026-01-15 20:18:38.114731041,CISO,2026-01-15 20:38:42.439619697
HLT-07-CS004662,HLT-07,2026-01-15 21:00:08.022087563,CERT-In,2026-01-15 22:48:37.386227368
HLT-07-CS004662,HLT-07,2026-01-15 21:10:08.022087563,NCIIPC,
HLT-07-CS004663,HLT-07,2026-01-14 12:56:18.807566823,CISO,2026-01-14 13:49:30.329869724
HLT-07-CS004663,HLT-07,2026-01-14 15:45:31.462407120,CERT-In,2026-01-14 17:06:26.171014259
HLT-07-CS004663,HLT-07,2026-01-14 15:55:31.462407120,NCIIPC,
HLT-07-CS004664,HLT-07,2026-01-11 02:07:08.018937581,CISO,2026-01-11 02:20:47.878648922
HLT-07-CS004664,HLT-07,2026-01-11 03:01:30.399543043,CERT-In,2026-01-11 03:40:29.536763042
HLT-07-CS004664,HLT-07,2026-01-11 03:11:30.399543043,NCIIPC,
HLT-07-CS004665,HLT-07,2026-01-21 15:55:04.142568435,CISO,2026-01-21 16:33:33.139409473
HLT-07-CS004666,HLT-07,2026-01-16 23:06:07.945220250,CERT-In,2026-01-16 23:50:44.692936555
HLT-07-CS004666,HLT-07,2026-01-16 23:16:07.945220250,NCIIPC,
HLT-07-CS004667,HLT-07,2026-01-16 20:13:42.598530541,L2,2026-01-16 20:39:51.005613215
HLT-07-CS004667,HLT-07,2026-01-16 22:58:08.181294226,CERT-In,2026-01-17 02:24:33.466833740
HLT-07-CS004668,HLT-07,2026-01-15 14:37:10.133409207,L2,2026-01-15 14:45:32.920363185
HLT-07-CS004668,HLT-07,2026-01-15 17:18:39.106306533,CERT-In,2026-01-15 20:52:51.041032561
HLT-07-CS004670,HLT-07,2026-01-18 05:36:42.753744686,L2,2026-01-18 06:03:52.170688360
HLT-07-CS004670,HLT-07,2026-01-18 06:42:36.372967778,CERT-In,2026-01-18 10:25:20.575447821
HLT-07-CS004672,HLT-07,2026-01-27 16:25:42.515265910,CERT-In,2026-01-27 18:34:26.695968778
HLT-07-CS004673,HLT-07,2026-01-17 15:00:47.567851127,CISO,2026-01-17 15:12:48.914857165
HLT-07-CS004673,HLT-07,2026-01-17 18:49:34.264122915,CERT-In,2026-01-17 22:22:24.265629191
HLT-07-CS004673,HLT-07,2026-01-17 18:59:34.264122915,NCIIPC,
HLT-07-CS004674,HLT-07,2026-02-05 02:30:57.617036204,L2,2026-02-05 03:07:18.118166697
HLT-07-CS004674,HLT-07,2026-02-05 02:42:39.083828426,CERT-In,2026-02-05 03:58:26.061280877
HLT-07-CS004675,HLT-07,2026-02-07 22:17:18.725940181,CERT-In,2026-02-08 00:29:44.453108840
HLT-07-CS004676,HLT-07,2026-01-18 01:12:10.690362512,L2,2026-01-18 02:00:06.700032662
HLT-07-CS004676,HLT-07,2026-01-18 01:23:32.040690187,CERT-In,2026-01-18 04:40:31.644482842
HLT-07-CS004677,HLT-07,2026-01-26 19:52:28.054356190,L2,2026-01-26 20:34:02.753425141
HLT-07-CS004677,HLT-07,2026-01-26 22:00:36.738995986,CERT-In,2026-01-26 23:22:33.404726176
HLT-07-CS004678,HLT-07,2026-01-21 20:06:13.323995939,CERT-In,2026-01-21 20:54:07.347128982
HLT-07-CS004679,HLT-07,2026-01-23 22:28:14.239472932,CERT-In,2026-01-24 01:33:41.808026953
HLT-07-CS004680,HLT-07,2026-02-14 00:24:16.374131460,CISO,2026-02-14 00:36:54.979943773
HLT-07-CS004680,HLT-07,2026-02-14 00:44:53.559981758,CERT-In,2026-02-14 03:46:35.148718584
HLT-07-CS004680,HLT-07,2026-02-14 00:54:53.559981758,NCIIPC,
HLT-07-CS004681,HLT-07,2026-02-14 14:41:35.898047204,CISO,2026-02-14 15:04:42.102057342
HLT-07-CS004681,HLT-07,2026-02-14 15:28:18.818834530,CERT-In,2026-02-14 17:59:24.826190089
HLT-07-CS004681,HLT-07,2026-02-14 15:38:18.818834530,NCIIPC,
HLT-07-CS004683,HLT-07,2026-02-16 17:15:47.182730142,L2,2026-02-16 18:15:41.653431497
HLT-07-CS004683,HLT-07,2026-02-16 15:30:55.064896492,CERT-In,2026-02-16 18:57:18.770242850
HLT-07-CS004685,HLT-07,2026-01-22 23:29:30.807288088,L2,2026-01-23 00:18:44.934611948
HLT-07-CS004685,HLT-07,2026-01-22 19:48:46.508740158,CERT-In,2026-01-22 22:11:21.122406505
HLT-07-CS004686,HLT-07,2026-01-23 11:20:33.928481941,CERT-In,2026-01-23 13:49:32.737945308
HLT-07-CS004687,HLT-07,2026-01-23 23:57:38.304765767,CISO,2026-01-24 00:16:04.345133437
HLT-07-CS004687,HLT-07,2026-01-23 23:34:00.801265188,CERT-In,2026-01-24 02:37:27.203583197
HLT-07-CS004687,HLT-07,2026-01-23 23:44:00.801265188,NCIIPC,
HLT-07-CS004689,HLT-07,2026-02-12 21:31:15.677883519,CERT-In,2026-02-12 23:26:23.717806577
HLT-07-CS004689,HLT-07,2026-02-12 21:41:15.677883519,NCIIPC,
HLT-07-CS004690,HLT-07,2026-02-09 18:48:44.369844135,CISO,2026-02-09 19:22:29.336903848
HLT-07-CS004690,HLT-07,2026-02-09 19:13:09.185534837,CERT-In,2026-02-09 22:52:03.031725163
HLT-07-CS004690,HLT-07,2026-02-09 19:23:09.185534837,NCIIPC,
HLT-07-CS004691,HLT-07,2026-02-13 13:34:15.314413126,CERT-In,2026-02-13 15:49:00.123382258
HLT-07-CS004691,HLT-07,2026-02-13 13:44:15.314413126,NCIIPC,
HLT-07-CS004692,HLT-07,2026-02-05 04:14:56.273057811,CISO,2026-02-05 04:44:08.091209170
HLT-07-CS004692,HLT-07,2026-02-05 04:49:50.075568991,CERT-In,2026-02-05 07:21:53.923702837
HLT-07-CS004692,HLT-07,2026-02-05 04:59:50.075568991,NCIIPC,
HLT-07-CS004693,HLT-07,2026-02-11 01:49:32.888419577,CISO,2026-02-11 02:40:33.668032419
HLT-07-CS004694,HLT-07,2026-02-06 22:48:55.857497295,CERT-In,2026-02-07 02:37:41.686341881
HLT-07-CS004694,HLT-07,2026-02-06 22:58:55.857497295,NCIIPC,
HLT-07-CS004695,HLT-07,2026-02-04 14:26:18.383984886,L2,2026-02-04 15:19:28.336904336
HLT-07-CS004695,HLT-07,2026-02-04 16:32:31.553479093,CERT-In,2026-02-04 18:54:56.963384681
HLT-07-CS004696,HLT-07,2026-02-19 10:15:55.083995724,CERT-In,2026-02-19 13:15:33.488819279
HLT-07-CS004697,HLT-07,2026-01-25 10:43:03.558529015,L2,2026-01-25 11:17:31.199596712
HLT-07-CS004697,HLT-07,2026-01-25 12:04:48.503342376,CERT-In,2026-01-25 15:08:58.386731893
HLT-07-CS004698,HLT-07,2026-02-20 21:40:17.538411666,CISO,2026-02-20 21:56:34.338949017
HLT-07-CS004698,HLT-07,2026-02-20 22:49:59.697346813,CERT-In,2026-02-21 00:24:39.320914094
HLT-07-CS004698,HLT-07,2026-02-20 22:59:59.697346813,NCIIPC,
HLT-07-CS004700,HLT-07,2026-02-04 11:01:11.619541187,L2,2026-02-04 11:37:24.285952361
HLT-07-CS004700,HLT-07,2026-02-04 11:24:06.127829652,CERT-In,2026-02-04 13:33:59.944419874
HLT-07-CS004702,HLT-07,2026-02-13 20:33:26.007107581,CISO,2026-02-13 21:09:20.546467045
HLT-07-CS004702,HLT-07,2026-02-13 21:35:07.863324028,CERT-In,2026-02-13 22:54:40.793981085
HLT-07-CS004702,HLT-07,2026-02-13 21:45:07.863324028,NCIIPC,
HLT-07-CS004703,HLT-07,2026-02-06 21:22:38.227381341,L2,2026-02-06 21:41:43.990554856
HLT-07-CS004703,HLT-07,2026-02-06 19:40:30.418791229,CERT-In,2026-02-06 20:27:31.344882931
HLT-07-CS004704,HLT-07,2026-02-03 10:58:28.272119476,L2,2026-02-03 11:18:18.426296888
HLT-07-CS004704,HLT-07,2026-02-03 11:11:56.892146884,CERT-In,2026-02-03 12:16:29.870385810
HLT-07-CS004705,HLT-07,2026-02-20 00:59:13.846271992,L2,2026-02-20 01:36:46.508900049
HLT-07-CS004705,HLT-07,2026-02-20 01:49:29.283991464,CERT-In,2026-02-20 05:22:30.357002313
HLT-07-CS004706,HLT-07,2026-02-15 18:33:36.134643169,CERT-In,2026-02-15 21:07:56.621313970
HLT-07-CS004707,HLT-07,2026-02-05 16:01:11.053160086,L2,2026-02-05 16:32:44.799517191
HLT-07-CS004707,HLT-07,2026-02-05 16:17:28.389727129,CERT-In,2026-02-05 19:52:42.493904289
HLT-07-CS004708,HLT-07,2026-01-30 17:57:05.981208409,CISO,2026-01-30 18:03:02.332974081
HLT-07-CS004708,HLT-07,2026-01-30 19:01:40.404115110,CERT-In,2026-01-30 20:31:43.576458762
HLT-07-CS004708,HLT-07,2026-01-30 19:11:40.404115110,NCIIPC,
HLT-07-CS004710,HLT-07,2026-02-09 00:36:04.178597850,L2,2026-02-09 00:53:48.306202709
HLT-07-CS004710,HLT-07,2026-02-09 05:05:53.080611192,CERT-In,2026-02-09 07:43:07.708717048
HLT-07-CS004711,HLT-07,2026-02-23 11:24:14.811434266,L2,2026-02-23 11:33:17.568253198
HLT-07-CS004711,HLT-07,2026-02-23 13:05:18.265968457,CERT-In,2026-02-23 15:58:15.159183470
HLT-07-CS004712,HLT-07,2026-02-28 23:32:24.148771864,L2,2026-03-01 00:20:52.219963506
HLT-07-CS004712,HLT-07,2026-03-01 01:45:32.451962440,CERT-In,2026-03-01 02:18:36.369226733
HLT-07-CS004713,HLT-07,2026-02-07 21:57:50.669034973,L2,2026-02-07 22:33:45.931619212
HLT-07-CS004713,HLT-07,2026-02-07 22:29:11.013244413,CERT-In,2026-02-08 01:35:45.327733231
HLT-07-CS004715,HLT-07,2026-02-11 06:04:07.823953780,L2,2026-02-11 06:20:10.657590469
HLT-07-CS004715,HLT-07,2026-02-11 07:24:50.790897491,CERT-In,2026-02-11 10:53:23.763130339
HLT-07-CS004716,HLT-07,2026-02-13 09:03:19.797009795,L2,2026-02-13 09:14:31.950530366
HLT-07-CS004716,HLT-07,2026-02-13 07:30:58.888983210,CERT-In,2026-02-13 11:28:35.269610088
HLT-07-CS004717,HLT-07,2026-02-06 10:28:18.512349680,L2,2026-02-06 10:54:19.958693680
HLT-07-CS004717,HLT-07,2026-02-06 08:51:17.830427989,CERT-In,2026-02-06 12:06:31.784163449
HLT-07-CS004718,HLT-07,2026-03-04 12:25:03.787218623,L2,2026-03-04 13:16:25.406513024
HLT-07-CS004718,HLT-07,2026-03-04 13:21:53.945010835,CERT-In,2026-03-04 14:27:33.850708798
HLT-07-CS004721,HLT-07,2026-02-24 13:42:56.465607751,L2,2026-02-24 14:29:50.591496477
HLT-07-CS004721,HLT-07,2026-02-24 14:36:43.104233689,CERT-In,2026-02-24 15:09:19.490570019
HLT-07-CS004723,HLT-07,2026-02-22 14:46:45.461815296,L2,2026-02-22 15:45:12.645595146
HLT-07-CS004723,HLT-07,2026-02-22 15:42:13.022455084,CERT-In,2026-02-22 17:49:30.360377989
HLT-07-CS004724,HLT-07,2026-02-19 02:54:55.838615072,CERT-In,2026-02-19 03:37:26.711630180
HLT-07-CS004725,HLT-07,2026-02-28 03:25:28.166184648,CERT-In,2026-02-28 06:05:29.226984620
HLT-07-CS004726,HLT-07,2026-02-25 23:13:22.818245061,CISO,2026-02-25 23:57:51.187941406
HLT-07-CS004729,HLT-07,2026-02-14 15:00:06.069714905,CERT-In,2026-02-14 15:41:02.865268932
HLT-07-CS004730,HLT-07,2026-02-15 18:04:53.336818475,L2,2026-02-15 18:14:44.440054272
HLT-07-CS004730,HLT-07,2026-02-15 20:22:38.950613094,CERT-In,2026-02-15 21:32:36.565594846
HLT-07-CS004731,HLT-07,2026-02-25 10:58:35.312391477,CISO,2026-02-25 11:12:47.216917547
HLT-07-CS004731,HLT-07,2026-02-25 13:50:58.784711243,CERT-In,2026-02-25 17:47:11.223898087
HLT-07-CS004731,HLT-07,2026-02-25 14:00:58.784711243,NCIIPC,
HLT-07-CS004732,HLT-07,2026-02-28 18:44:56.853986434,CISO,2026-02-28 19:08:30.349240168
HLT-07-CS004732,HLT-07,2026-02-28 19:39:58.152427320,CERT-In,2026-02-28 23:35:45.515890011
HLT-07-CS004732,HLT-07,2026-02-28 19:49:58.152427320,NCIIPC,
HLT-07-CS004733,HLT-07,2026-02-25 13:37:31.878011216,CISO,2026-02-25 13:49:55.855683316
HLT-07-CS004733,HLT-07,2026-02-25 14:38:37.782120722,CERT-In,2026-02-25 16:49:32.569813013
HLT-07-CS004733,HLT-07,2026-02-25 14:48:37.782120722,NCIIPC,
HLT-07-CS004734,HLT-07,2026-02-24 21:34:01.397389459,CISO,2026-02-24 21:39:45.336847344
HLT-07-CS004735,HLT-07,2026-03-12 06:23:31.539705767,L2,2026-03-12 06:51:18.144310298
HLT-07-CS004735,HLT-07,2026-03-12 07:21:30.426356749,CERT-In,2026-03-12 10:38:34.142244476
HLT-07-CS004736,HLT-07,2026-02-27 00:01:03.650203677,L2,2026-02-27 00:32:09.765972615
HLT-07-CS004736,HLT-07,2026-02-26 23:50:33.243768586,CERT-In,2026-02-27 02:02:25.333413743
HLT-07-CS004738,HLT-07,2026-02-21 11:12:16.793811696,CISO,2026-02-21 11:53:10.039809802
HLT-07-CS004738,HLT-07,2026-02-21 11:18:01.399833562,CERT-In,2026-02-21 15:05:36.517717416
HLT-07-CS004738,HLT-07,2026-02-21 11:28:01.399833562,NCIIPC,
HLT-07-CS004739,HLT-07,2026-03-08 17:38:20.735141877,CERT-In,2026-03-08 19:31:30.817836635
HLT-07-CS004739,HLT-07,2026-03-08 17:48:20.735141877,NCIIPC,
HLT-07-CS004740,HLT-07,2026-02-27 10:50:55.075724003,CERT-In,2026-02-27 12:08:22.722233753
HLT-07-CS004740,HLT-07,2026-02-27 11:00:55.075724003,NCIIPC,
HLT-07-CS004741,HLT-07,2026-02-20 17:58:26.641103239,CISO,2026-02-20 18:05:01.685357178
HLT-07-CS004741,HLT-07,2026-02-20 16:31:08.196320988,CERT-In,2026-02-20 18:53:28.918774299
HLT-07-CS004741,HLT-07,2026-02-20 16:41:08.196320988,NCIIPC,
HLT-07-CS004742,HLT-07,2026-02-20 22:36:45.559370013,L2,2026-02-20 22:46:18.937936458
HLT-07-CS004742,HLT-07,2026-02-20 22:16:46.025717381,CERT-In,2026-02-21 01:23:55.398482565
HLT-07-CS004743,HLT-07,2026-02-21 19:38:35.256298380,L2,2026-02-21 20:04:51.757660516
HLT-07-CS004743,HLT-07,2026-02-21 23:08:44.554546173,CERT-In,2026-02-22 01:59:29.222952913
HLT-07-CS004745,HLT-07,2026-03-11 00:52:31.218216467,L2,2026-03-11 01:29:00.690107935
HLT-07-CS004745,HLT-07,2026-03-11 02:38:45.240278072,CERT-In,2026-03-11 04:44:19.643792418
HLT-07-CS004747,HLT-07,2026-02-23 00:28:58.373515301,CISO,2026-02-23 01:28:28.466635840
HLT-07-CS004747,HLT-07,2026-02-23 04:01:10.379094309,CERT-In,2026-02-23 05:00:21.702597847
HLT-07-CS004747,HLT-07,2026-02-23 04:11:10.379094309,NCIIPC,
HLT-07-CS004748,HLT-07,2026-03-16 17:26:53.418957771,CISO,2026-03-16 17:43:50.778733530
HLT-07-CS004748,HLT-07,2026-03-16 16:14:38.502035309,CERT-In,2026-03-16 18:13:22.793593993
HLT-07-CS004748,HLT-07,2026-03-16 16:24:38.502035309,NCIIPC,
HLT-07-CS004749,HLT-07,2026-03-02 05:01:08.486067745,L2,2026-03-02 05:49:54.896266818
HLT-07-CS004749,HLT-07,2026-03-02 04:33:33.308465135,CERT-In,2026-03-02 05:49:42.848069410
HLT-07-CS004750,HLT-07,2026-03-22 06:04:09.251375580,L2,2026-03-22 06:53:51.328080950
HLT-07-CS004750,HLT-07,2026-03-22 05:20:30.155081508,CERT-In,2026-03-22 08:54:40.459568493
HLT-07-CS004751,HLT-07,2026-02-27 01:21:38.903299915,L2,2026-02-27 01:28:52.339851150
HLT-07-CS004751,HLT-07,2026-02-26 21:33:37.722221043,CERT-In,2026-02-26 23:20:19.797722782
HLT-07-CS004752,HLT-07,2026-03-21 09:39:37.733718136,CISO,2026-03-21 10:25:28.128517047
HLT-07-CS004752,HLT-07,2026-03-21 09:10:36.985762024,CERT-In,2026-03-21 11:00:30.483501872
HLT-07-CS004752,HLT-07,2026-03-21 09:20:36.985762024,NCIIPC,
HLT-07-CS004753,HLT-07,2026-02-26 13:19:35.726631977,CERT-In,2026-02-26 15:32:30.576953840
HLT-07-CS004753,HLT-07,2026-02-26 13:29:35.726631977,NCIIPC,
HLT-07-CS004755,HLT-07,2026-03-03 21:19:20.609860587,L2,2026-03-03 22:09:24.864678861
HLT-07-CS004755,HLT-07,2026-03-03 20:51:30.326864650,CERT-In,2026-03-03 22:03:08.536291778
HLT-07-CS004756,HLT-07,2026-03-21 12:56:41.287116050,L2,2026-03-21 13:16:10.850681365
HLT-07-CS004756,HLT-07,2026-03-21 13:13:45.682695991,CERT-In,2026-03-21 14:57:27.751116788
HLT-07-CS004757,HLT-07,2026-03-15 01:50:11.493795429,CERT-In,2026-03-15 03:38:46.798685631
HLT-07-CS004758,HLT-07,2026-03-10 02:01:26.560598974,L2,2026-03-10 02:52:43.110676339
HLT-07-CS004758,HLT-07,2026-03-10 01:08:38.572805826,CERT-In,2026-03-10 03:25:42.097311499
HLT-07-CS004761,HLT-07,2026-03-03 23:53:38.109129757,L2,2026-03-04 00:31:05.873613400
HLT-07-CS004761,HLT-07,2026-03-03 20:53:33.641684547,CERT-In,2026-03-03 22:02:48.804617183
HLT-07-CS004764,HLT-07,2026-03-04 18:20:01.758967411,CISO,2026-03-04 18:33:29.674243305
HLT-07-CS004764,HLT-07,2026-03-04 17:55:35.926907455,CERT-In,2026-03-04 20:40:48.397269103
HLT-07-CS004764,HLT-07,2026-03-04 18:05:35.926907455,NCIIPC,
HLT-07-CS004765,HLT-07,2026-02-28 20:15:47.430088893,CISO,2026-02-28 20:50:16.445809549
HLT-07-CS004765,HLT-07,2026-02-28 20:25:56.630378906,CERT-In,2026-02-28 21:59:41.779338731
HLT-07-CS004765,HLT-07,2026-02-28 20:35:56.630378906,NCIIPC,
HLT-07-CS004766,HLT-07,2026-03-22 11:22:02.743999381,CERT-In,2026-03-22 13:48:21.093961126
HLT-07-CS004766,HLT-07,2026-03-22 11:32:02.743999381,NCIIPC,
HLT-07-CS004767,HLT-07,2026-03-23 22:44:08.840385949,CERT-In,2026-03-24 01:24:44.116246710
HLT-07-CS004769,HLT-07,2026-03-03 21:45:57.847244284,L2,2026-03-03 22:09:12.037575841
HLT-07-CS004769,HLT-07,2026-03-03 19:04:47.975058256,CERT-In,2026-03-03 20:06:15.743310542
HLT-07-CS004770,HLT-07,2026-03-27 17:05:31.458138023,L2,2026-03-27 17:59:30.941582052
HLT-07-CS004770,HLT-07,2026-03-27 16:25:24.371677480,CERT-In,2026-03-27 18:26:14.696338820
HLT-07-CS004772,HLT-07,2026-03-25 05:49:30.266693071,L2,2026-03-25 06:17:16.121294175
HLT-07-CS004772,HLT-07,2026-03-25 07:04:27.813134129,CERT-In,2026-03-25 10:33:43.450059750
HLT-07-CS004773,HLT-07,2026-03-12 22:22:59.387840977,CERT-In,2026-03-12 23:30:45.972759723
HLT-07-CS004773,HLT-07,2026-03-12 22:32:59.387840977,NCIIPC,
HLT-07-CS004774,HLT-07,2026-03-22 03:26:05.253781588,CERT-In,2026-03-22 04:50:40.254547931
HLT-07-CS004774,HLT-07,2026-03-22 03:36:05.253781588,NCIIPC,
HLT-07-CS004775,HLT-07,2026-04-01 05:12:28.876657318,CERT-In,2026-04-01 08:46:14.110718664
HLT-07-CS004775,HLT-07,2026-04-01 05:22:28.876657318,NCIIPC,
HLT-07-CS004776,HLT-07,2026-04-01 23:10:46.757163631,CISO,2026-04-02 00:10:45.201279405
HLT-07-CS004776,HLT-07,2026-04-01 21:34:53.475936317,CERT-In,2026-04-01 22:34:17.081880178
HLT-07-CS004776,HLT-07,2026-04-01 21:44:53.475936317,NCIIPC,
HLT-07-CS004777,HLT-07,2026-03-21 13:17:04.664957348,CISO,2026-03-21 13:37:45.010414027
HLT-07-CS004777,HLT-07,2026-03-21 17:06:49.870492033,CERT-In,2026-03-21 19:07:33.663959897
HLT-07-CS004777,HLT-07,2026-03-21 17:16:49.870492033,NCIIPC,
HLT-07-CS004778,HLT-07,2026-03-08 04:09:23.241562128,CERT-In,2026-03-08 06:18:51.791884575
HLT-07-CS004778,HLT-07,2026-03-08 04:19:23.241562128,NCIIPC,
HLT-07-CS004779,HLT-07,2026-03-10 19:11:54.083194397,CISO,2026-03-10 19:26:02.600510428
HLT-07-CS004779,HLT-07,2026-03-10 20:15:04.586546182,CERT-In,2026-03-10 23:07:22.087970662
HLT-07-CS004779,HLT-07,2026-03-10 20:25:04.586546182,NCIIPC,
HLT-07-CS004780,HLT-07,2026-03-22 08:23:36.529277895,L2,2026-03-22 08:33:27.618757270
HLT-07-CS004780,HLT-07,2026-03-22 07:37:11.278394755,CERT-In,2026-03-22 11:34:19.577342066
HLT-07-CS004781,HLT-07,2026-03-08 01:39:01.098950595,CERT-In,2026-03-08 03:35:48.727048281
HLT-07-CS004782,HLT-07,2026-03-24 05:46:09.792047000,CISO,2026-03-24 05:58:59.279748659
HLT-07-CS004782,HLT-07,2026-03-24 06:22:10.381220051,CERT-In,2026-03-24 08:33:15.534121884
HLT-07-CS004782,HLT-07,2026-03-24 06:32:10.381220051,NCIIPC,
HLT-07-CS004783,HLT-07,2026-03-27 21:43:09.945694236,L2,2026-03-27 22:01:18.141478400
HLT-07-CS004783,HLT-07,2026-03-27 22:27:14.709354586,CERT-In,2026-03-28 00:10:04.455118594
HLT-07-CS004784,HLT-07,2026-03-25 16:15:59.461706798,L2,2026-03-25 16:23:59.816255076
HLT-07-CS004784,HLT-07,2026-03-25 14:42:43.844564637,CERT-In,2026-03-25 17:31:49.792096251
HLT-07-CS004785,HLT-07,2026-03-09 16:09:02.227451201,L2,2026-03-09 16:18:22.629650177
HLT-07-CS004785,HLT-07,2026-03-09 15:36:58.464232017,CERT-In,2026-03-09 19:29:03.388111530
HLT-07-CS004786,HLT-07,2026-04-06 18:47:50.298099965,CISO,2026-04-06 18:59:45.468327166
HLT-07-CS004786,HLT-07,2026-04-06 20:08:37.486055156,CERT-In,2026-04-06 20:46:13.249084206
HLT-07-CS004786,HLT-07,2026-04-06 20:18:37.486055156,NCIIPC,
HLT-07-CS004787,HLT-07,2026-04-02 23:46:32.324685282,CISO,2026-04-03 00:09:40.359916559
HLT-07-CS004787,HLT-07,2026-04-02 22:51:39.871405252,CERT-In,2026-04-03 01:30:34.730678770
HLT-07-CS004787,HLT-07,2026-04-02 23:01:39.871405252,NCIIPC,
HLT-07-CS004788,HLT-07,2026-03-21 20:44:05.304012681,CERT-In,2026-03-21 23:30:23.465275335
HLT-07-CS004788,HLT-07,2026-03-21 20:54:05.304012681,NCIIPC,
HLT-07-CS004789,HLT-07,2026-03-31 00:04:30.741128214,CISO,2026-03-31 00:46:11.329648267
HLT-07-CS004789,HLT-07,2026-03-30 23:12:23.966028434,CERT-In,2026-03-30 23:48:16.820262786
HLT-07-CS004789,HLT-07,2026-03-30 23:22:23.966028434,NCIIPC,
HLT-07-CS004791,HLT-07,2026-03-26 20:32:53.283457093,CISO,2026-03-26 21:29:41.206283855
HLT-07-CS004791,HLT-07,2026-03-26 21:30:20.405670978,CERT-In,2026-03-27 00:03:46.828827319
HLT-07-CS004791,HLT-07,2026-03-26 21:40:20.405670978,NCIIPC,
HLT-07-CS004792,HLT-07,2026-04-04 22:35:31.292637464,CISO,2026-04-04 23:29:41.571197339
HLT-07-CS004792,HLT-07,2026-04-05 00:39:53.793388913,CERT-In,2026-04-05 02:41:41.969771666
HLT-07-CS004792,HLT-07,2026-04-05 00:49:53.793388913,NCIIPC,
HLT-07-CS004793,HLT-07,2026-03-31 12:29:19.193795428,CISO,2026-03-31 13:22:02.437130407
HLT-07-CS004793,HLT-07,2026-03-31 13:06:25.975826960,CERT-In,2026-03-31 15:19:11.474881465
HLT-07-CS004793,HLT-07,2026-03-31 13:16:25.975826960,NCIIPC,
HLT-07-CS004794,HLT-07,2026-04-07 22:25:37.010425875,CISO,2026-04-07 22:38:14.557007780
HLT-07-CS004794,HLT-07,2026-04-07 22:21:19.856028022,CERT-In,2026-04-08 00:54:16.260559984
HLT-07-CS004794,HLT-07,2026-04-07 22:31:19.856028022,NCIIPC,
HLT-07-CS004795,HLT-07,2026-03-22 11:19:32.273121890,CISO,2026-03-22 11:24:38.947834286
HLT-07-CS004795,HLT-07,2026-03-22 10:40:30.834264275,CERT-In,2026-03-22 14:31:21.918469009
HLT-07-CS004795,HLT-07,2026-03-22 10:50:30.834264275,NCIIPC,
HLT-07-CS004796,HLT-07,2026-04-02 09:41:55.217284004,L2,2026-04-02 09:58:59.321312420
HLT-07-CS004796,HLT-07,2026-04-02 09:41:34.373105297,CERT-In,2026-04-02 13:16:34.210100054
HLT-07-CS004798,HLT-07,2026-03-31 06:02:10.770393876,CERT-In,2026-03-31 06:33:38.769240601
HLT-07-CS004798,HLT-07,2026-03-31 06:12:10.770393876,NCIIPC,
HLT-07-CS004800,HLT-07,2026-04-01 12:26:32.521580208,CISO,2026-04-01 12:46:08.946465414
HLT-07-CS004800,HLT-07,2026-04-01 12:55:27.455590518,CERT-In,2026-04-01 14:35:56.323499290
HLT-07-CS004800,HLT-07,2026-04-01 13:05:27.455590518,NCIIPC,
HLT-07-CS004801,HLT-07,2026-03-20 13:27:58.167222906,CISO,2026-03-20 13:44:10.741497182
HLT-07-CS004805,HLT-07,2026-03-28 06:29:46.571229510,L2,2026-03-28 06:52:45.586119101
HLT-07-CS004806,HLT-07,2026-03-29 14:48:26.725873170,CERT-In,2026-03-29 16:32:41.946541488
HLT-07-CS004807,HLT-07,2026-04-09 21:09:05.132682018,L2,2026-04-09 21:56:32.218873951
HLT-07-CS004807,HLT-07,2026-04-09 19:50:50.031263405,CERT-In,2026-04-09 23:07:22.977458855
HLT-07-CS004808,HLT-07,2026-04-06 01:04:01.099176946,CERT-In,2026-04-06 02:29:28.599056286
HLT-07-CS004810,HLT-07,2026-03-22 22:07:32.331266895,CISO,2026-03-22 22:44:59.450916583
HLT-07-CS004810,HLT-07,2026-03-22 21:05:46.970415729,CERT-In,2026-03-23 00:14:46.861227927
HLT-07-CS004810,HLT-07,2026-03-22 21:15:46.970415729,NCIIPC,
HLT-07-CS004811,HLT-07,2026-03-27 15:43:26.969915466,CISO,2026-03-27 15:54:53.178288117
HLT-07-CS004811,HLT-07,2026-03-27 17:21:52.422911681,CERT-In,2026-03-27 19:11:57.796639892
HLT-07-CS004811,HLT-07,2026-03-27 17:31:52.422911681,NCIIPC,
HLT-07-CS004812,HLT-07,2026-04-17 19:34:32.001032261,L2,2026-04-17 20:20:32.726759920
HLT-07-CS004812,HLT-07,2026-04-17 21:42:36.129501535,CERT-In,2026-04-18 00:40:25.781916985
HLT-07-CS004813,HLT-07,2026-03-30 00:32:07.851342547,L2,2026-03-30 00:49:32.689672336
HLT-07-CS004813,HLT-07,2026-03-29 19:23:20.548859763,CERT-In,2026-03-29 21:52:54.088701778
HLT-07-CS004814,HLT-07,2026-03-30 22:38:04.884483714,L2,2026-03-30 23:01:06.721348137
HLT-07-CS004814,HLT-07,2026-03-30 21:14:39.326617470,CERT-In,2026-03-30 23:43:28.916770070
HLT-07-CS004816,HLT-07,2026-04-09 15:05:57.729069898,L2,2026-04-09 15:12:12.986746743
HLT-07-CS004816,HLT-07,2026-04-09 04:35:41.940836813,CERT-In,2026-04-09 08:22:49.244279828
HLT-07-CS004818,HLT-07,2026-03-25 23:18:47.551499118,CERT-In,2026-03-26 01:44:29.499184751
HLT-07-CS004819,HLT-07,2026-04-18 01:17:42.096083722,CERT-In,2026-04-18 03:20:44.745750093
HLT-07-CS004820,HLT-07,2026-04-03 13:33:06.454965247,L2,2026-04-03 14:08:43.834900779
HLT-07-CS004820,HLT-07,2026-04-03 13:11:09.318406464,CERT-In,2026-04-03 14:46:42.505563520
HLT-07-CS004821,HLT-07,2026-03-28 04:36:36.369486623,L2,2026-03-28 05:00:39.338802167
HLT-07-CS004821,HLT-07,2026-03-27 23:37:40.061792287,CERT-In,2026-03-28 00:23:45.680918833
HLT-07-CS004822,HLT-07,2026-03-29 23:23:48.863276782,CISO,2026-03-30 00:00:19.838701396
HLT-07-CS004822,HLT-07,2026-03-29 21:29:22.503515096,CERT-In,2026-03-29 22:10:34.534855372
HLT-07-CS004822,HLT-07,2026-03-29 21:39:22.503515096,NCIIPC,
HLT-07-CS004823,HLT-07,2026-04-08 10:52:33.891797812,CISO,2026-04-08 11:29:25.114835142
HLT-07-CS004823,HLT-07,2026-04-08 11:09:14.005788351,CERT-In,2026-04-08 13:27:45.500899804
HLT-07-CS004823,HLT-07,2026-04-08 11:19:14.005788351,NCIIPC,
HLT-07-CS004825,HLT-07,2026-04-16 16:31:49.360659302,L2,2026-04-16 17:01:20.580410230
HLT-07-CS004827,HLT-07,2026-04-03 23:40:12.521785830,L2,2026-04-04 00:38:43.714805413
HLT-07-CS004827,HLT-07,2026-04-04 01:56:35.491693183,CERT-In,2026-04-04 03:16:01.332288865
HLT-07-CS004828,HLT-07,2026-04-08 18:12:22.538180363,L2,2026-04-08 18:44:20.121502655
HLT-07-CS004828,HLT-07,2026-04-08 15:32:03.509880498,CERT-In,2026-04-08 18:43:06.999867483
HLT-07-CS004829,HLT-07,2026-04-14 18:00:00.066009226,CISO,2026-04-14 18:58:14.863578360
HLT-07-CS004829,HLT-07,2026-04-14 11:49:53.844561884,CERT-In,2026-04-14 14:48:18.121357032
HLT-07-CS004829,HLT-07,2026-04-14 11:59:53.844561884,NCIIPC,
HLT-07-CS004830,HLT-07,2026-04-03 11:23:42.897480701,CISO,2026-04-03 11:39:52.805431201
HLT-07-CS004830,HLT-07,2026-04-03 11:49:57.235828021,CERT-In,2026-04-03 14:24:00.085318448
HLT-07-CS004830,HLT-07,2026-04-03 11:59:57.235828021,NCIIPC,
HLT-07-CS004831,HLT-07,2026-03-31 09:50:45.357084113,CISO,2026-03-31 10:30:54.726298990
HLT-07-CS004831,HLT-07,2026-03-31 08:27:40.975903272,CERT-In,2026-03-31 12:05:37.246417998
HLT-07-CS004831,HLT-07,2026-03-31 08:37:40.975903272,NCIIPC,
HLT-07-CS004835,HLT-07,2026-04-22 13:33:28.931307889,CERT-In,2026-04-22 14:24:12.805547760
HLT-07-CS004837,HLT-07,2026-04-13 11:05:57.599418819,CISO,2026-04-13 12:01:12.033336727
HLT-07-CS004837,HLT-07,2026-04-13 12:27:16.771483246,CERT-In,2026-04-13 14:34:08.973382678
HLT-07-CS004837,HLT-07,2026-04-13 12:37:16.771483246,NCIIPC,
HLT-07-CS004838,HLT-07,2026-04-23 03:36:34.277551454,CISO,2026-04-23 04:24:59.705081684
HLT-07-CS004838,HLT-07,2026-04-23 04:04:45.652874606,CERT-In,2026-04-23 06:33:55.094316744
HLT-07-CS004838,HLT-07,2026-04-23 04:14:45.652874606,NCIIPC,
HLT-07-CS004839,HLT-07,2026-04-08 14:27:43.705222262,CISO,2026-04-08 15:00:39.642001283
HLT-07-CS004839,HLT-07,2026-04-08 18:59:48.388607216,CERT-In,2026-04-08 20:27:56.288886348
HLT-07-CS004839,HLT-07,2026-04-08 19:09:48.388607216,NCIIPC,
HLT-07-CS004840,HLT-07,2026-04-24 11:25:33.784339937,CISO,2026-04-24 11:40:47.914380944
HLT-07-CS004840,HLT-07,2026-04-24 09:58:15.921286571,CERT-In,2026-04-24 11:55:45.286140602
HLT-07-CS004840,HLT-07,2026-04-24 10:08:15.921286571,NCIIPC,
HLT-07-CS004842,HLT-07,2026-04-15 06:02:16.757980648,CERT-In,2026-04-15 06:33:23.116159906
HLT-07-CS004843,HLT-07,2026-04-16 21:21:57.228987813,CERT-In,2026-04-17 01:19:57.308730177
HLT-07-CS004844,HLT-07,2026-04-14 20:53:12.970326237,L2,2026-04-14 21:02:23.303854611
HLT-07-CS004844,HLT-07,2026-04-14 20:57:38.664426527,CERT-In,2026-04-14 23:04:17.353376245
HLT-07-CS004845,HLT-07,2026-04-17 01:36:23.902225109,L2,2026-04-17 02:35:35.925310975
HLT-07-CS004845,HLT-07,2026-04-17 05:12:14.205081475,CERT-In,2026-04-17 06:01:20.729270004
HLT-07-CS004847,HLT-07,2026-04-03 09:04:22.210547454,L2,2026-04-03 10:02:10.738000421
HLT-07-CS004847,HLT-07,2026-04-03 06:21:30.868640698,CERT-In,2026-04-03 09:42:45.107451147
HLT-07-CS004848,HLT-07,2026-04-14 19:08:59.766004757,L2,2026-04-14 19:25:08.598553466
HLT-07-CS004848,HLT-07,2026-04-14 19:34:54.361353429,CERT-In,2026-04-14 21:13:40.094332330
HLT-07-CS004849,HLT-07,2026-04-12 04:12:13.053214265,L2,2026-04-12 04:30:06.886347621
HLT-07-CS004851,HLT-07,2026-04-12 10:41:46.804273454,L2,2026-04-12 11:22:28.441570254
HLT-07-CS004851,HLT-07,2026-04-12 12:48:59.370095989,CERT-In,2026-04-12 15:55:53.627265557
HLT-07-CS004852,HLT-07,2026-04-22 21:51:32.596677550,L2,2026-04-22 22:49:12.853147581
HLT-07-CS004852,HLT-07,2026-04-22 21:31:59.732999676,CERT-In,2026-04-22 23:28:42.159481059
HLT-07-CS004854,HLT-07,2026-04-22 09:59:57.625078929,CISO,2026-04-22 10:38:51.193547109
HLT-07-CS004854,HLT-07,2026-04-22 10:13:20.575712541,CERT-In,2026-04-22 12:21:18.208141193
HLT-07-CS004854,HLT-07,2026-04-22 10:23:20.575712541,NCIIPC,
HLT-07-CS004855,HLT-07,2026-04-13 01:13:52.691518036,CERT-In,2026-04-13 03:19:49.425377176
HLT-07-CS004855,HLT-07,2026-04-13 01:23:52.691518036,NCIIPC,
HLT-07-CS004856,HLT-07,2026-04-11 06:06:01.810114562,CISO,2026-04-11 06:30:15.959480750
HLT-07-CS004856,HLT-07,2026-04-11 03:19:15.123834821,CERT-In,2026-04-11 05:14:21.788221250
HLT-07-CS004856,HLT-07,2026-04-11 03:29:15.123834821,NCIIPC,
HLT-07-CS004857,HLT-07,2026-05-02 05:49:11.251125908,L2,2026-05-02 06:46:08.327024094
HLT-07-CS004857,HLT-07,2026-05-02 08:08:12.717432459,CERT-In,2026-05-02 09:55:14.463612053
HLT-07-CS004858,HLT-07,2026-04-24 01:21:51.832449887,CISO,2026-04-24 01:52:34.894406132
HLT-07-CS004858,HLT-07,2026-04-24 01:39:26.520659303,CERT-In,2026-04-24 03:47:56.976399671
HLT-07-CS004858,HLT-07,2026-04-24 01:49:26.520659303,NCIIPC,
HLT-07-CS004859,HLT-07,2026-04-25 07:38:10.994883096,CISO,2026-04-25 08:34:49.867124836
HLT-07-CS004859,HLT-07,2026-04-25 07:38:04.662051137,CERT-In,2026-04-25 09:34:48.846508468
HLT-07-CS004859,HLT-07,2026-04-25 07:48:04.662051137,NCIIPC,
HLT-07-CS004860,HLT-07,2026-04-23 11:52:07.685476555,L2,2026-04-23 12:10:38.136094049
HLT-07-CS004860,HLT-07,2026-04-23 10:28:46.986521287,CERT-In,2026-04-23 11:32:36.894964028
HLT-07-CS004861,HLT-07,2026-04-22 21:24:37.691586702,L2,2026-04-22 21:44:11.523529116
HLT-07-CS004861,HLT-07,2026-04-22 21:36:29.815521352,CERT-In,2026-04-23 01:02:08.298272885
HLT-07-CS004862,HLT-07,2026-05-04 23:08:14.612312628,CISO,2026-05-04 23:55:48.293745447
HLT-07-CS004862,HLT-07,2026-05-04 22:56:26.659379496,CERT-In,2026-05-05 01:09:53.224170088
HLT-07-CS004862,HLT-07,2026-05-04 23:06:26.659379496,NCIIPC,
HLT-07-CS004864,HLT-07,2026-05-01 11:03:47.524715228,L2,2026-05-01 11:30:14.604164286
HLT-07-CS004864,HLT-07,2026-05-01 10:28:37.464074718,CERT-In,2026-05-01 13:35:38.054964649
HLT-07-CS004866,HLT-07,2026-04-13 15:56:18.245409941,CISO,2026-04-13 16:20:41.573296197
HLT-07-CS004866,HLT-07,2026-04-13 14:46:27.377670976,CERT-In,2026-04-13 17:31:45.614897771
HLT-07-CS004866,HLT-07,2026-04-13 14:56:27.377670976,NCIIPC,
HLT-07-CS004867,HLT-07,2026-05-04 07:44:56.315583872,CISO,2026-05-04 08:21:05.537445283
HLT-07-CS004867,HLT-07,2026-05-04 13:15:54.579931279,CERT-In,2026-05-04 16:33:54.379232559
HLT-07-CS004867,HLT-07,2026-05-04 13:25:54.579931279,NCIIPC,
HLT-07-CS004868,HLT-07,2026-04-25 01:15:11.723299671,CISO,2026-04-25 01:57:26.474030231
HLT-07-CS004868,HLT-07,2026-04-25 03:17:39.966769532,CERT-In,2026-04-25 04:57:07.542637190
HLT-07-CS004868,HLT-07,2026-04-25 03:27:39.966769532,NCIIPC,
HLT-07-CS004869,HLT-07,2026-04-25 11:07:53.329369710,CISO,2026-04-25 11:22:54.955940904
HLT-07-CS004869,HLT-07,2026-04-25 14:22:37.634938462,CERT-In,2026-04-25 15:48:00.714265078
HLT-07-CS004869,HLT-07,2026-04-25 14:32:37.634938462,NCIIPC,
HLT-07-CS004870,HLT-07,2026-04-26 02:42:13.965671314,CISO,2026-04-26 03:23:18.772929584
HLT-07-CS004870,HLT-07,2026-04-26 06:02:59.434435747,CERT-In,2026-04-26 09:49:09.446817781
HLT-07-CS004870,HLT-07,2026-04-26 06:12:59.434435747,NCIIPC,
HLT-07-CS004871,HLT-07,2026-04-23 00:04:02.784172293,CERT-In,2026-04-23 01:20:48.683280707
HLT-07-CS004871,HLT-07,2026-04-23 00:14:02.784172293,NCIIPC,
HLT-07-CS004873,HLT-07,2026-04-24 09:34:32.773047010,CISO,2026-04-24 10:04:58.920719079
HLT-07-CS004873,HLT-07,2026-04-24 09:32:06.852010681,CERT-In,2026-04-24 11:47:37.006508903
HLT-07-CS004873,HLT-07,2026-04-24 09:42:06.852010681,NCIIPC,
HLT-07-CS004874,HLT-07,2026-04-17 01:01:38.866642198,L2,2026-04-17 01:19:55.523648786
HLT-07-CS004874,HLT-07,2026-04-17 04:15:27.237043876,CERT-In,2026-04-17 07:19:01.579715489
HLT-07-CS004875,HLT-07,2026-05-09 08:01:05.660405657,L2,2026-05-09 08:12:56.367913768
HLT-07-CS004875,HLT-07,2026-05-09 08:35:24.912923525,CERT-In,2026-05-09 11:09:53.082644933
HLT-07-CS004876,HLT-07,2026-05-08 22:12:27.722606763,L2,2026-05-08 22:32:09.381604696
HLT-07-CS004876,HLT-07,2026-05-08 22:19:18.988519731,CERT-In,2026-05-08 22:50:57.150697237
HLT-07-CS004877,HLT-07,2026-04-16 14:58:20.076084319,CERT-In,2026-04-16 17:12:35.001405433
HLT-07-CS004878,HLT-07,2026-04-24 06:01:54.586844309,L2,2026-04-24 06:35:47.870575910
HLT-07-CS004878,HLT-07,2026-04-24 05:09:56.739244643,CERT-In,2026-04-24 08:10:06.210694709
HLT-07-CS004879,HLT-07,2026-04-15 11:52:21.836024494,L2,2026-04-15 12:29:09.967540819
HLT-07-CS004879,HLT-07,2026-04-15 11:27:18.353981723,CERT-In,2026-04-15 13:22:15.627828910
HLT-07-CS004880,HLT-07,2026-04-26 00:35:10.211240155,L2,2026-04-26 00:52:25.323751074
HLT-07-CS004880,HLT-07,2026-04-26 00:00:00.706307354,CERT-In,2026-04-26 03:09:55.631081582
HLT-07-CS004881,HLT-07,2026-04-24 13:48:05.840852362,CERT-In,2026-04-24 14:46:24.154748398
HLT-07-CS004882,HLT-07,2026-04-30 15:25:41.280640940,CERT-In,2026-04-30 18:13:15.618941564
HLT-07-CS004883,HLT-07,2026-05-04 11:00:34.950282710,L2,2026-05-04 11:41:13.981448053
HLT-07-CS004883,HLT-07,2026-05-04 07:59:44.521426497,CERT-In,2026-05-04 10:34:16.852992771
HLT-07-CS004884,HLT-07,2026-05-11 22:14:14.492857207,L2,2026-05-11 22:29:15.164763409
HLT-07-CS004884,HLT-07,2026-05-12 00:51:25.056659446,CERT-In,2026-05-12 01:27:27.406889916
HLT-07-CS004885,HLT-07,2026-05-01 23:04:50.405584778,L2,2026-05-01 23:35:29.125546665
HLT-07-CS004885,HLT-07,2026-05-01 23:05:31.917206025,CERT-In,2026-05-02 02:06:05.274662554
HLT-07-CS004886,HLT-07,2026-05-10 19:00:40.586831510,L2,2026-05-10 19:21:21.147247334
HLT-07-CS004886,HLT-07,2026-05-10 16:22:40.482640663,CERT-In,2026-05-10 19:15:15.382090493
HLT-07-CS004887,HLT-07,2026-05-04 20:05:03.223678308,L2,2026-05-04 20:49:28.779919447
HLT-07-CS004887,HLT-07,2026-05-04 17:25:34.029545357,CERT-In,2026-05-04 19:55:56.722707732
HLT-07-CS004888,HLT-07,2026-05-14 07:19:35.202553611,L2,2026-05-14 07:35:17.294488676
HLT-07-CS004888,HLT-07,2026-05-14 03:42:04.379741629,CERT-In,2026-05-14 07:19:07.001307609
HLT-07-CS004889,HLT-07,2026-04-29 17:15:39.618727323,L2,2026-04-29 17:27:19.469142219
HLT-07-CS004892,HLT-07,2026-05-09 15:02:16.375170374,CERT-In,2026-05-09 16:02:30.311530158
HLT-07-CS004892,HLT-07,2026-05-09 15:12:16.375170374,NCIIPC,
HLT-07-CS004893,HLT-07,2026-04-29 12:20:55.797440922,CISO,2026-04-29 13:08:27.467675184
HLT-07-CS004893,HLT-07,2026-04-29 12:00:45.524818463,CERT-In,2026-04-29 13:42:58.167243890
HLT-07-CS004893,HLT-07,2026-04-29 12:10:45.524818463,NCIIPC,
HLT-07-CS004895,HLT-07,2026-05-09 22:44:56.334371690,L2,2026-05-09 23:11:08.053130930
HLT-07-CS004895,HLT-07,2026-05-09 06:27:06.578418362,CERT-In,2026-05-09 09:50:52.382926639
HLT-07-CS004896,HLT-07,2026-04-25 07:23:28.422786544,L2,2026-04-25 07:29:43.706693318
HLT-07-CS004896,HLT-07,2026-04-25 07:56:32.504830171,CERT-In,2026-04-25 10:03:07.489713384
HLT-07-CS004897,HLT-07,2026-04-26 16:58:56.419430564,CISO,2026-04-26 17:19:27.407463406
HLT-07-CS004897,HLT-07,2026-04-26 19:06:57.589976590,CERT-In,2026-04-26 22:15:47.060590719
HLT-07-CS004897,HLT-07,2026-04-26 19:16:57.589976590,NCIIPC,
HLT-07-CS004898,HLT-07,2026-05-16 07:13:02.507256950,L2,2026-05-16 08:00:12.249033254
HLT-07-CS004898,HLT-07,2026-05-16 10:35:27.048893146,CERT-In,2026-05-16 14:21:04.075983747
HLT-07-CS004899,HLT-07,2026-05-07 10:06:08.420902864,CERT-In,2026-05-07 13:42:15.235633665
HLT-07-CS004900,HLT-07,2026-05-18 18:59:04.399667877,L2,2026-05-18 19:30:13.538583527
HLT-07-CS004900,HLT-07,2026-05-18 19:16:33.870423764,CERT-In,2026-05-18 22:57:04.446626456
HLT-07-CS004901,HLT-07,2026-05-13 19:48:37.132261657,CERT-In,2026-05-13 22:43:37.291933620
HLT-07-CS004902,HLT-07,2026-05-14 02:32:37.241201550,L2,2026-05-14 03:19:54.878497813
HLT-07-CS004904,HLT-07,2026-05-21 16:37:02.719435282,CISO,2026-05-21 17:00:14.984343185
HLT-07-CS004904,HLT-07,2026-05-21 17:25:24.431782402,CERT-In,2026-05-21 19:25:10.581712701
HLT-07-CS004904,HLT-07,2026-05-21 17:35:24.431782402,NCIIPC,
HLT-07-CS004905,HLT-07,2026-04-30 12:24:20.465250624,CISO,2026-04-30 13:08:08.885856023
HLT-07-CS004905,HLT-07,2026-04-30 13:48:30.288505369,CERT-In,2026-04-30 14:32:33.818952213
HLT-07-CS004905,HLT-07,2026-04-30 13:58:30.288505369,NCIIPC,
HLT-07-CS004906,HLT-07,2026-05-20 13:52:34.302467158,CISO,2026-05-20 14:48:38.576918565
HLT-07-CS004906,HLT-07,2026-05-20 14:41:46.103273692,CERT-In,2026-05-20 15:36:49.563597402
HLT-07-CS004906,HLT-07,2026-05-20 14:51:46.103273692,NCIIPC,
HLT-07-CS004908,HLT-07,2026-05-25 13:04:46.566991438,L2,2026-05-25 13:15:08.901113141
HLT-07-CS004908,HLT-07,2026-05-25 15:45:06.686598810,CERT-In,2026-05-25 16:47:50.171065390
HLT-07-CS004909,HLT-07,2026-05-14 22:00:04.323863094,CERT-In,2026-05-15 00:14:51.998967522
HLT-07-CS004913,HLT-07,2026-05-23 21:52:32.700979195,CERT-In,2026-05-23 23:44:18.573720327
HLT-07-CS004914,HLT-07,2026-05-05 10:27:06.370737342,CISO,2026-05-05 11:01:15.327107715
HLT-07-CS004914,HLT-07,2026-05-05 18:15:06.180165047,CERT-In,2026-05-05 20:48:50.305144763
HLT-07-CS004914,HLT-07,2026-05-05 18:25:06.180165047,NCIIPC,
HLT-07-CS004915,HLT-07,2026-05-03 04:36:14.213345039,CERT-In,2026-05-03 05:25:51.343928485
HLT-07-CS004916,HLT-07,2026-05-21 10:44:56.278282040,CERT-In,2026-05-21 14:37:07.632053919
HLT-07-CS004918,HLT-07,2026-05-07 20:23:03.510353107,CISO,2026-05-07 20:36:08.104812842
HLT-07-CS004918,HLT-07,2026-05-07 21:40:32.140681798,CERT-In,2026-05-08 01:15:49.728989010
HLT-07-CS004918,HLT-07,2026-05-07 21:50:32.140681798,NCIIPC,
HLT-07-CS004919,HLT-07,2026-05-21 01:05:59.131803798,CISO,2026-05-21 01:39:13.129747647
HLT-07-CS004919,HLT-07,2026-05-20 23:40:36.326475432,CERT-In,2026-05-21 03:21:42.820739552
HLT-07-CS004919,HLT-07,2026-05-20 23:50:36.326475432,NCIIPC,
HLT-07-CS004920,HLT-07,2026-05-21 08:27:24.482511347,CERT-In,2026-05-21 11:53:41.990468348
HLT-07-CS004921,HLT-07,2026-05-29 04:51:03.692848830,L2,2026-05-29 05:38:08.919467394
HLT-07-CS004921,HLT-07,2026-05-29 01:06:06.900674386,CERT-In,2026-05-29 04:52:06.619237022
HLT-07-CS004922,HLT-07,2026-05-11 06:01:15.080376021,L2,2026-05-11 06:07:05.541820744
HLT-07-CS004922,HLT-07,2026-05-11 04:09:56.987154485,CERT-In,2026-05-11 07:13:05.453338234
HLT-07-CS004923,HLT-07,2026-05-09 21:44:22.379221616,L2,2026-05-09 21:58:58.516628024
HLT-07-CS004923,HLT-07,2026-05-09 21:50:38.898068718,CERT-In,2026-05-10 00:41:02.804110928
HLT-07-CS004924,HLT-07,2026-05-26 19:03:00.230313776,L2,2026-05-26 19:34:22.353173397
HLT-07-CS004924,HLT-07,2026-05-26 19:03:04.037854620,CERT-In,2026-05-26 19:37:17.831408302
HLT-07-CS004925,HLT-07,2026-05-18 11:52:55.522165485,L2,2026-05-18 12:38:44.007827018
HLT-07-CS004925,HLT-07,2026-05-18 09:48:52.825588495,CERT-In,2026-05-18 13:23:34.965550988
HLT-07-CS004926,HLT-07,2026-05-13 16:44:34.990284675,CERT-In,2026-05-13 20:13:19.001093141
HLT-07-CS004926,HLT-07,2026-05-13 16:54:34.990284675,NCIIPC,
HLT-07-CS004928,HLT-07,2026-05-20 08:23:54.022613676,CISO,2026-05-20 08:35:09.125027570
HLT-07-CS004928,HLT-07,2026-05-20 14:52:22.729420304,CERT-In,2026-05-20 17:42:43.965330984
HLT-07-CS004928,HLT-07,2026-05-20 15:02:22.729420304,NCIIPC,
HLT-07-CS004929,HLT-07,2026-05-25 15:54:34.799540385,CISO,2026-05-25 16:13:38.169423929
HLT-07-CS004929,HLT-07,2026-05-25 14:27:31.983035363,CERT-In,2026-05-25 15:54:20.554072966
HLT-07-CS004929,HLT-07,2026-05-25 14:37:31.983035363,NCIIPC,
HLT-07-CS004930,HLT-07,2026-05-22 12:39:42.623133975,CISO,2026-05-22 13:37:16.199823216
HLT-07-CS004930,HLT-07,2026-05-22 15:07:48.746290528,CERT-In,2026-05-22 18:26:48.096547006
HLT-07-CS004930,HLT-07,2026-05-22 15:17:48.746290528,NCIIPC,
HLT-07-CS004931,HLT-07,2026-05-27 02:14:49.727964206,L2,2026-05-27 03:07:33.196102821
HLT-07-CS004931,HLT-07,2026-05-27 00:36:52.573436624,CERT-In,2026-05-27 03:13:33.876145352
HLT-07-CS004932,HLT-07,2026-06-05 07:06:31.121189262,CERT-In,2026-06-05 10:42:08.425077470
HLT-07-CS004933,HLT-07,2026-06-15 12:10:26.110007171,CISO,2026-06-15 12:54:40.205275073
HLT-07-CS004933,HLT-07,2026-06-15 15:52:09.924551743,CERT-In,2026-06-15 16:58:27.455281023
HLT-07-CS004933,HLT-07,2026-06-15 16:02:09.924551743,NCIIPC,
HLT-07-CS004934,HLT-07,2026-06-03 18:35:35.267910027,CERT-In,2026-06-03 21:03:16.322040870
HLT-07-CS004934,HLT-07,2026-06-03 18:45:35.267910027,NCIIPC,
HLT-07-CS004935,HLT-07,2026-06-10 01:24:36.724526475,CISO,2026-06-10 02:23:26.076579507
HLT-07-CS004935,HLT-07,2026-06-10 01:39:32.227060574,CERT-In,2026-06-10 03:30:01.511885901
HLT-07-CS004935,HLT-07,2026-06-10 01:49:32.227060574,NCIIPC,
HLT-07-CS004936,HLT-07,2026-06-11 21:31:23.408514979,CERT-In,2026-06-12 00:50:46.127529001
HLT-07-CS004937,HLT-07,2026-06-04 00:51:37.820192162,CISO,2026-06-04 01:15:55.461427684
HLT-07-CS004937,HLT-07,2026-06-04 02:27:20.427627236,CERT-In,2026-06-04 05:24:46.285011609
HLT-07-CS004937,HLT-07,2026-06-04 02:37:20.427627236,NCIIPC,
HLT-07-CS004938,HLT-07,2026-05-27 17:56:49.844139895,CERT-In,2026-05-27 19:10:27.047569924
HLT-07-CS004938,HLT-07,2026-05-27 18:06:49.844139895,NCIIPC,
HLT-07-CS004939,HLT-07,2026-05-25 20:38:17.347704873,CERT-In,2026-05-25 23:59:03.614295718
HLT-07-CS004939,HLT-07,2026-05-25 20:48:17.347704873,NCIIPC,
HLT-07-CS004941,HLT-07,2026-06-15 01:06:20.640556234,L2,2026-06-15 01:34:44.387270965
HLT-07-CS004941,HLT-07,2026-06-15 00:43:07.785777903,CERT-In,2026-06-15 02:37:43.245007187
HLT-07-CS004942,HLT-07,2026-05-25 01:23:41.333275188,L2,2026-05-25 01:57:35.286294953
HLT-07-CS004943,HLT-07,2026-05-30 06:56:53.487212300,L2,2026-05-30 07:32:20.506029783
HLT-07-CS004943,HLT-07,2026-05-30 08:48:56.748442693,CERT-In,2026-05-30 09:27:21.698082296
HLT-07-CS004944,HLT-07,2026-05-22 19:20:36.655033703,L2,2026-05-22 20:05:54.651939247
HLT-07-CS004944,HLT-07,2026-05-22 21:30:55.387149364,CERT-In,2026-05-22 23:57:59.560056139
HLT-07-CS004946,HLT-07,2026-05-24 03:29:49.890288807,L2,2026-05-24 03:52:53.459919325
HLT-07-CS004946,HLT-07,2026-05-24 05:31:44.005625639,CERT-In,2026-05-24 08:57:40.026211664
HLT-07-CS004947,HLT-07,2026-06-12 01:08:04.262817471,L2,2026-06-12 01:32:29.283494435
HLT-07-CS004947,HLT-07,2026-06-12 01:28:13.265406811,CERT-In,2026-06-12 03:53:25.122026773
HLT-07-CS004949,HLT-07,2026-06-19 09:52:59.113061494,CISO,2026-06-19 10:07:39.782789175
HLT-07-CS004949,HLT-07,2026-06-19 11:19:36.257955468,CERT-In,2026-06-19 12:52:11.838509810
HLT-07-CS004949,HLT-07,2026-06-19 11:29:36.257955468,NCIIPC,
HLT-07-CS004950,HLT-07,2026-06-11 07:36:42.729533429,CISO,2026-06-11 08:20:29.324401231
HLT-07-CS004950,HLT-07,2026-06-11 08:40:13.611274919,CERT-In,2026-06-11 11:43:45.842486075
HLT-07-CS004950,HLT-07,2026-06-11 08:50:13.611274919,NCIIPC,
HLT-07-CS004951,HLT-07,2026-06-22 09:57:05.833256155,L2,2026-06-22 10:36:45.035454512
HLT-07-CS004951,HLT-07,2026-06-22 10:29:31.271519315,CERT-In,2026-06-22 13:07:53.444675535
HLT-07-CS004952,HLT-07,2026-06-05 06:42:16.995069218,CISO,2026-06-05 06:49:09.261501537
HLT-07-CS004952,HLT-07,2026-06-05 05:38:15.573288510,CERT-In,2026-06-05 06:51:44.313377096
HLT-07-CS004952,HLT-07,2026-06-05 05:48:15.573288510,NCIIPC,
HLT-07-CS004953,HLT-07,2026-06-05 16:36:47.438100713,CISO,2026-06-05 16:43:15.125684809
HLT-07-CS004953,HLT-07,2026-06-05 19:33:18.465731860,CERT-In,2026-06-05 21:14:05.181260057
HLT-07-CS004953,HLT-07,2026-06-05 19:43:18.465731860,NCIIPC,
HLT-07-CS004955,HLT-07,2026-06-26 16:53:30.747785949,CISO,2026-06-26 17:04:49.708741243
HLT-07-CS004955,HLT-07,2026-06-26 12:45:18.669039270,CERT-In,2026-06-26 16:00:02.860557383
HLT-07-CS004955,HLT-07,2026-06-26 12:55:18.669039270,NCIIPC,
HLT-07-CS004957,HLT-07,2026-06-06 13:53:36.975971909,CISO,2026-06-06 14:07:30.480255055
HLT-07-CS004957,HLT-07,2026-06-06 14:15:33.013592592,CERT-In,2026-06-06 16:11:59.029798899
HLT-07-CS004957,HLT-07,2026-06-06 14:25:33.013592592,NCIIPC,
HLT-07-CS004958,HLT-07,2026-06-15 22:19:37.205058130,CERT-In,2026-06-16 01:43:23.480421703
HLT-07-CS004959,HLT-07,2026-06-17 20:11:58.440937383,L2,2026-06-17 20:26:15.583512210
HLT-07-CS004959,HLT-07,2026-06-17 20:26:22.798915644,CERT-In,2026-06-17 23:56:43.371755468
HLT-07-CS004960,HLT-07,2026-06-12 00:08:12.885587501,CERT-In,2026-06-12 00:43:54.053646508
HLT-07-CS004960,HLT-07,2026-06-12 00:18:12.885587501,NCIIPC,
HLT-07-CS004961,HLT-07,2026-06-28 02:30:23.281942058,CISO,2026-06-28 03:00:11.789037524
HLT-07-CS004961,HLT-07,2026-06-28 08:39:02.482050027,CERT-In,2026-06-28 09:39:55.787173720
HLT-07-CS004961,HLT-07,2026-06-28 08:49:02.482050027,NCIIPC,
HLT-07-CS004962,HLT-07,2026-06-26 06:26:42.364371130,CERT-In,2026-06-26 09:20:21.942158239
HLT-07-CS004963,HLT-07,2026-06-07 11:50:35.931579680,L2,2026-06-07 12:10:54.421407995
HLT-07-CS004963,HLT-07,2026-06-07 08:02:28.430360370,CERT-In,2026-06-07 09:59:57.550258934
HLT-07-CS004964,HLT-07,2026-06-11 05:01:32.081798514,L2,2026-06-11 05:27:26.764348961
HLT-07-CS004964,HLT-07,2026-06-11 06:38:04.877616419,CERT-In,2026-06-11 07:56:02.995785445
HLT-07-CS004966,HLT-07,2026-06-22 04:34:00.904183596,CERT-In,2026-06-22 08:01:49.403365877
HLT-07-CS004967,HLT-07,2026-06-16 07:10:25.291962828,L2,2026-06-16 07:25:56.707075622
HLT-07-CS004968,HLT-07,2026-06-23 21:00:09.049711598,L2,2026-06-23 21:23:23.479545345
HLT-07-CS004968,HLT-07,2026-06-23 15:35:12.238745555,CERT-In,2026-06-23 16:24:47.089127820
HLT-07-CS004969,HLT-07,2026-06-11 22:14:41.449218566,L2,2026-06-11 22:31:48.043717795
HLT-07-CS004969,HLT-07,2026-06-11 20:25:52.381830350,CERT-In,2026-06-12 00:02:41.730962941
HLT-07-CS004970,HLT-07,2026-06-22 16:57:46.191068143,L2,2026-06-22 17:52:27.363858899
HLT-07-CS004970,HLT-07,2026-06-22 17:42:47.427885730,CERT-In,2026-06-22 18:18:08.201209549
HLT-07-CS004971,HLT-07,2026-07-01 15:32:46.713638255,L2,2026-07-01 16:15:57.377412287
HLT-07-CS004971,HLT-07,2026-07-01 15:35:05.824991527,CERT-In,2026-07-01 18:41:04.763911198
HLT-07-CS004974,HLT-07,2026-06-14 06:17:14.698609489,CERT-In,2026-06-14 10:08:05.528781028
HLT-07-CS004974,HLT-07,2026-06-14 06:27:14.698609489,NCIIPC,
HLT-07-CS004975,HLT-07,2026-06-18 13:03:27.297040872,L2,2026-06-18 13:26:42.407457832
HLT-07-CS004975,HLT-07,2026-06-18 15:13:32.896456162,CERT-In,2026-06-18 17:54:08.639242797
HLT-07-CS004976,HLT-07,2026-07-03 21:15:45.459572483,L2,2026-07-03 21:44:58.500943200
HLT-07-CS004976,HLT-07,2026-07-03 22:01:58.579280766,CERT-In,2026-07-04 00:06:15.705400788
HLT-07-CS004977,HLT-07,2026-07-03 23:43:26.127824708,L2,2026-07-04 00:31:23.954413748
HLT-07-CS004977,HLT-07,2026-07-04 00:14:22.612228880,CERT-In,2026-07-04 01:18:58.597588014
HLT-07-CS004978,HLT-07,2026-06-24 19:01:14.578816855,CERT-In,2026-06-24 20:40:54.894856771
HLT-07-CS004979,HLT-07,2026-06-17 12:13:33.225477389,L2,2026-06-17 12:33:38.800897605
HLT-07-CS004979,HLT-07,2026-06-17 13:30:42.280353258,CERT-In,2026-06-17 16:41:39.721311409
HLT-07-CS004980,HLT-07,2026-06-26 01:41:41.166481507,L2,2026-06-26 02:26:43.585380194
HLT-07-CS004980,HLT-07,2026-06-26 05:23:14.204422027,CERT-In,2026-06-26 07:50:16.731384776
HLT-07-CS004981,HLT-07,2026-07-05 13:06:36.362254494,L2,2026-07-05 13:49:47.238342316
HLT-07-CS004981,HLT-07,2026-07-05 10:04:20.680331412,CERT-In,2026-07-05 13:31:11.849139598
HLT-07-CS004982,HLT-07,2026-07-02 03:39:19.337327475,CISO,2026-07-02 04:08:04.495402098
HLT-07-CS004982,HLT-07,2026-07-02 03:45:05.482142286,CERT-In,2026-07-02 07:18:15.452796364
HLT-07-CS004982,HLT-07,2026-07-02 03:55:05.482142286,NCIIPC,
HLT-07-CS004983,HLT-07,2026-06-22 07:33:22.885452715,CISO,2026-06-22 07:48:34.557679718
HLT-07-CS004983,HLT-07,2026-06-22 12:55:48.852116236,CERT-In,2026-06-22 15:07:22.625535397
HLT-07-CS004983,HLT-07,2026-06-22 13:05:48.852116236,NCIIPC,
HLT-07-CS004984,HLT-07,2026-06-26 22:35:20.159095613,CISO,2026-06-26 23:17:19.551197828
HLT-07-CS004984,HLT-07,2026-06-27 00:17:33.204708574,CERT-In,2026-06-27 03:57:43.906674178
HLT-07-CS004984,HLT-07,2026-06-27 00:27:33.204708574,NCIIPC,
HLT-07-CS004985,HLT-07,2026-06-12 06:04:11.672300709,CISO,2026-06-12 06:09:27.978384582
HLT-07-CS004985,HLT-07,2026-06-12 07:10:18.070647491,CERT-In,2026-06-12 08:54:11.537690294
HLT-07-CS004985,HLT-07,2026-06-12 07:20:18.070647491,NCIIPC,
HLT-07-CS004986,HLT-07,2026-06-12 10:38:45.839644123,CERT-In,2026-06-12 14:15:58.061608882
HLT-07-CS004986,HLT-07,2026-06-12 10:48:45.839644123,NCIIPC,
HLT-07-CS004987,HLT-07,2026-06-14 13:15:45.777615444,CISO,2026-06-14 14:14:13.751714496
HLT-07-CS004987,HLT-07,2026-06-14 13:38:59.999481648,CERT-In,2026-06-14 14:36:12.948748468
HLT-07-CS004987,HLT-07,2026-06-14 13:48:59.999481648,NCIIPC,
HLT-07-CS004988,HLT-07,2026-07-04 09:44:17.226365290,L2,2026-07-04 10:07:59.628026845
HLT-07-CS004988,HLT-07,2026-07-04 08:48:36.463648598,CERT-In,2026-07-04 11:42:19.608764887
HLT-07-CS004989,HLT-07,2026-06-20 03:23:46.778132806,L2,2026-06-20 03:48:22.343157897
HLT-07-CS004989,HLT-07,2026-06-20 03:30:11.636385300,CERT-In,2026-06-20 06:35:05.145910749
HLT-07-CS004990,HLT-07,2026-07-06 07:13:07.759305761,CISO,2026-07-06 07:34:05.744877536
HLT-07-CS004990,HLT-07,2026-07-06 03:04:17.683443461,CERT-In,2026-07-06 03:58:03.822108510
HLT-07-CS004990,HLT-07,2026-07-06 03:14:17.683443461,NCIIPC,
HLT-07-CS004991,HLT-07,2026-07-07 01:48:09.381541500,CISO,2026-07-07 02:11:14.587854832
HLT-07-CS004991,HLT-07,2026-07-07 01:00:08.920645846,CERT-In,2026-07-07 01:58:33.833249619
HLT-07-CS004991,HLT-07,2026-07-07 01:10:08.920645846,NCIIPC,
HLT-07-CS004992,HLT-07,2026-07-03 00:44:33.804205959,CERT-In,2026-07-03 02:37:17.448520571
HLT-07-CS004992,HLT-07,2026-07-03 00:54:33.804205959,NCIIPC,
HLT-07-CS004993,HLT-07,2026-07-02 19:29:07.575105658,CERT-In,2026-07-02 23:02:48.613434337
HLT-07-CS004993,HLT-07,2026-07-02 19:39:07.575105658,NCIIPC,
HLT-07-CS004994,HLT-07,2026-07-02 10:27:12.313042456,CERT-In,2026-07-02 11:56:51.304889116
HLT-07-CS004995,HLT-07,2026-07-06 04:10:17.336227960,CISO,2026-07-06 04:53:12.011476582
HLT-07-CS004995,HLT-07,2026-07-06 07:17:01.305661684,CERT-In,2026-07-06 09:08:23.749533244
HLT-07-CS004995,HLT-07,2026-07-06 07:27:01.305661684,NCIIPC,
HLT-07-CS004996,HLT-07,2026-06-24 00:46:44.298796264,CISO,2026-06-24 01:18:17.913148974
HLT-07-CS004996,HLT-07,2026-06-24 00:47:33.923526538,CERT-In,2026-06-24 04:07:01.714842856
HLT-07-CS004996,HLT-07,2026-06-24 00:57:33.923526538,NCIIPC,
HLT-07-CS004997,HLT-07,2026-07-10 04:09:30.947033806,CISO,2026-07-10 05:01:13.143353527
HLT-07-CS004997,HLT-07,2026-07-10 05:40:44.372825368,CERT-In,2026-07-10 08:58:35.689953479
HLT-07-CS004997,HLT-07,2026-07-10 05:50:44.372825368,NCIIPC,
HLT-07-CS004998,HLT-07,2026-06-18 10:57:39.578379936,CERT-In,2026-06-18 12:37:25.467109681
HLT-07-CS004998,HLT-07,2026-06-18 11:07:39.578379936,NCIIPC,
HLT-07-CS005003,HLT-07,2026-07-07 04:05:56.644905659,L2,2026-07-07 04:11:43.607794184
HLT-07-CS005003,HLT-07,2026-07-07 03:44:00.686131399,CERT-In,2026-07-07 06:39:32.675946756
HLT-07-CS005004,HLT-07,2026-06-22 20:20:01.613762599,L2,2026-06-22 20:59:46.792340559
HLT-07-CS005005,HLT-07,2026-06-30 07:48:25.900323741,CERT-In,2026-06-30 11:07:00.073519317
HLT-07-CS005006,HLT-07,2026-06-30 05:17:40.326473042,CERT-In,2026-06-30 08:46:48.361809278
HLT-07-CS005007,HLT-07,2026-06-30 21:05:24.623690404,CERT-In,2026-06-30 23:56:40.239357448
HLT-07-CS005008,HLT-07,2026-07-03 20:35:45.319650327,CERT-In,2026-07-03 21:10:03.589069792
HLT-07-CS005008,HLT-07,2026-07-03 20:45:45.319650327,NCIIPC,
HLT-07-CS005009,HLT-07,2026-07-12 08:30:20.363716351,L2,2026-07-12 08:40:26.349972164
HLT-07-CS005009,HLT-07,2026-07-12 09:16:12.846669643,CERT-In,2026-07-12 12:37:28.676153665
HLT-07-CS005010,HLT-07,2026-06-29 07:21:36.867062438,CERT-In,2026-06-29 10:09:42.733936085
HLT-07-CS005011,HLT-07,2026-06-24 19:35:00.111955835,CISO,2026-06-24 20:04:08.649174093
HLT-07-CS005011,HLT-07,2026-06-24 22:00:35.208620746,CERT-In,2026-06-25 00:29:34.796604065
HLT-07-CS005011,HLT-07,2026-06-24 22:10:35.208620746,NCIIPC,
HLT-07-CS005012,HLT-07,2026-07-19 08:38:29.012402298,CERT-In,2026-07-19 09:57:05.900655208
HLT-07-CS005012,HLT-07,2026-07-19 08:48:29.012402298,NCIIPC,
HLT-07-CS005013,HLT-07,2026-06-28 21:58:47.548350717,CERT-In,2026-06-28 23:23:29.940957217
HLT-07-CS005013,HLT-07,2026-06-28 22:08:47.548350717,NCIIPC,
HLT-07-CS005014,HLT-07,2026-07-09 14:59:41.382903354,CISO,2026-07-09 15:38:29.955051051
HLT-07-CS005014,HLT-07,2026-07-09 16:28:22.820456006,CERT-In,2026-07-09 17:51:17.301074801
HLT-07-CS005014,HLT-07,2026-07-09 16:38:22.820456006,NCIIPC,
HLT-07-CS005015,HLT-07,2026-07-12 11:27:51.285813277,CERT-In,2026-07-12 14:45:13.763246326
HLT-07-CS005015,HLT-07,2026-07-12 11:37:51.285813277,NCIIPC,
HLT-07-CS005016,HLT-07,2026-07-01 11:20:41.510874111,CERT-In,2026-07-01 14:51:28.879235535
HLT-07-CS005016,HLT-07,2026-07-01 11:30:41.510874111,NCIIPC,
HLT-07-CS005017,HLT-07,2026-07-07 15:40:09.657076403,L2,2026-07-07 16:27:29.664076295
HLT-07-CS005017,HLT-07,2026-07-07 09:45:40.964433016,CERT-In,2026-07-07 12:11:50.009165911
HLT-07-CS005018,HLT-07,2026-07-13 10:08:43.110205525,CISO,2026-07-13 10:22:08.159629258
HLT-07-CS005020,HLT-07,2026-07-01 21:46:52.385121113,CISO,2026-07-01 22:29:16.385880350
HLT-07-CS005020,HLT-07,2026-07-01 19:19:36.996185186,CERT-In,2026-07-01 20:42:03.107830830
HLT-07-CS005020,HLT-07,2026-07-01 19:29:36.996185186,NCIIPC,
HLT-07-CS005021,HLT-07,2026-07-05 01:19:55.318667164,CERT-In,2026-07-05 04:24:04.045544151
HLT-07-CS005023,HLT-07,2026-07-17 02:17:21.318966442,CERT-In,2026-07-17 06:16:58.952244315
HLT-07-CS005024,HLT-07,2026-07-07 14:41:32.679736878,L2,2026-07-07 15:30:29.581792820
HLT-07-CS005024,HLT-07,2026-07-07 14:25:27.057503899,CERT-In,2026-07-07 16:11:30.283934212
HLT-07-CS005025,HLT-07,2026-07-18 02:04:33.952743062,L2,2026-07-18 02:57:53.252797698
HLT-07-CS005025,HLT-07,2026-07-18 01:39:55.319834150,CERT-In,2026-07-18 03:19:00.542596447
HLT-07-CS005026,HLT-07,2026-07-26 07:02:07.855610577,L2,2026-07-26 08:01:57.253277742
HLT-07-CS005026,HLT-07,2026-07-26 08:07:20.178162143,CERT-In,2026-07-26 09:14:37.991195012
HLT-07-CS005027,HLT-07,2026-07-04 13:11:43.944256529,L2,2026-07-04 13:46:27.688927088
HLT-07-CS005027,HLT-07,2026-07-04 13:18:12.993420018,CERT-In,2026-07-04 15:02:46.275424658
HLT-07-CS005028,HLT-07,2026-07-15 05:21:23.702838374,L2,2026-07-15 05:58:16.132012112
HLT-07-CS005028,HLT-07,2026-07-15 06:36:43.795946154,CERT-In,2026-07-15 09:40:09.839352321
HLT-07-CS005029,HLT-07,2026-07-29 05:48:40.444162323,L2,2026-07-29 06:24:55.419275094
HLT-07-CS005032,HLT-07,2026-07-15 09:26:16.231008139,CISO,2026-07-15 10:23:23.459985891
HLT-07-CS005032,HLT-07,2026-07-15 10:27:53.379298236,CERT-In,2026-07-15 12:20:46.397095332
HLT-07-CS005032,HLT-07,2026-07-15 10:37:53.379298236,NCIIPC,
HLT-07-CS005033,HLT-07,2026-07-29 06:17:28.583072219,CERT-In,2026-07-29 09:08:12.131901189
HLT-07-CS005034,HLT-07,2026-07-05 21:47:42.621172319,CISO,2026-07-05 22:26:24.398868976
HLT-07-CS005034,HLT-07,2026-07-05 16:08:32.059858795,CERT-In,2026-07-05 17:25:40.433894048
HLT-07-CS005034,HLT-07,2026-07-05 16:18:32.059858795,NCIIPC,
HLT-07-CS005036,HLT-07,2026-07-20 13:30:22.501701369,L2,2026-07-20 13:51:47.879552296
HLT-07-CS005036,HLT-07,2026-07-20 13:15:26.401000557,CERT-In,2026-07-20 17:13:34.817000333
HLT-07-CS005037,HLT-07,2026-07-25 13:49:17.563020264,L2,2026-07-25 14:05:43.102125658
HLT-07-CS005037,HLT-07,2026-07-25 12:40:46.610184085,CERT-In,2026-07-25 15:41:17.515269603
HLT-07-CS005038,HLT-07,2026-07-26 20:24:46.131445075,L2,2026-07-26 20:56:23.023514800
HLT-07-CS005038,HLT-07,2026-07-26 20:20:38.106813133,CERT-In,2026-07-26 21:47:10.257274909
HLT-07-CS005039,HLT-07,2026-07-23 08:15:49.995090734,L2,2026-07-23 09:12:19.561378762
HLT-07-CS005039,HLT-07,2026-07-23 02:09:37.364749944,CERT-In,2026-07-23 04:23:45.936701767
HLT-07-CS005043,HLT-07,2026-07-17 06:53:10.289808603,CERT-In,2026-07-17 10:29:44.838129843
HLT-07-CS005043,HLT-07,2026-07-17 07:03:10.289808603,NCIIPC,
HLT-07-CS005044,HLT-07,2026-08-01 10:10:30.676319244,L2,2026-08-01 10:25:50.941584175
HLT-07-CS005044,HLT-07,2026-08-01 09:02:57.230351488,CERT-In,2026-08-01 11:03:23.576399455
HLT-07-CS005045,HLT-07,2026-07-17 12:16:18.357543698,CISO,2026-07-17 12:56:37.208519268
HLT-07-CS005045,HLT-07,2026-07-17 15:47:27.806784033,CERT-In,2026-07-17 19:20:23.516458433
HLT-07-CS005045,HLT-07,2026-07-17 15:57:27.806784033,NCIIPC,
HLT-07-CS005046,HLT-07,2026-07-30 10:17:38.763742823,CISO,2026-07-30 10:35:59.581203089
HLT-07-CS005046,HLT-07,2026-07-30 09:54:38.609515372,CERT-In,2026-07-30 12:46:15.740216837
HLT-07-CS005046,HLT-07,2026-07-30 10:04:38.609515372,NCIIPC,
HLT-07-CS005047,HLT-07,2026-07-15 19:19:13.595070970,CISO,2026-07-15 19:30:07.627244690
HLT-07-CS005047,HLT-07,2026-07-15 17:07:36.751433774,CERT-In,2026-07-15 20:33:40.095650519
HLT-07-CS005047,HLT-07,2026-07-15 17:17:36.751433774,NCIIPC,
HLT-07-CS005048,HLT-07,2026-08-01 09:03:17.672792968,CISO,2026-08-01 09:24:20.712620778
HLT-07-CS005048,HLT-07,2026-08-01 09:16:58.020137325,CERT-In,2026-08-01 11:28:43.782452393
HLT-07-CS005048,HLT-07,2026-08-01 09:26:58.020137325,NCIIPC,
HLT-07-CS005050,HLT-07,2026-07-20 14:15:30.902059343,L2,2026-07-20 15:04:32.118105135
HLT-07-CS005050,HLT-07,2026-07-20 12:51:40.923895974,CERT-In,2026-07-20 16:41:36.363239899
HLT-07-CS005051,HLT-07,2026-07-16 08:33:35.697189378,CISO,2026-07-16 09:05:00.343272671
HLT-07-CS005051,HLT-07,2026-07-16 09:36:46.087039799,CERT-In,2026-07-16 13:25:05.666139833
HLT-07-CS005051,HLT-07,2026-07-16 09:46:46.087039799,NCIIPC,
HLT-07-CS005052,HLT-07,2026-07-14 18:24:32.853178553,CISO,2026-07-14 18:38:53.358085713
HLT-07-CS005052,HLT-07,2026-07-14 19:43:31.279470301,CERT-In,2026-07-14 20:25:13.909512115
HLT-07-CS005052,HLT-07,2026-07-14 19:53:31.279470301,NCIIPC,
HLT-07-CS005053,HLT-07,2026-07-29 00:16:06.811671229,L2,2026-07-29 00:55:14.120591775
HLT-07-CS005053,HLT-07,2026-07-29 03:40:43.411327522,CERT-In,2026-07-29 05:08:28.207141904
HLT-07-CS005054,HLT-07,2026-08-10 19:11:11.413010283,L2,2026-08-10 19:52:36.589061869
HLT-07-CS005055,HLT-07,2026-07-21 15:07:21.917955987,L2,2026-07-21 15:33:23.573158032
HLT-07-CS005056,HLT-07,2026-07-21 10:45:12.395166211,L2,2026-07-21 11:21:04.079826827
HLT-07-CS005056,HLT-07,2026-07-21 05:55:41.247730309,CERT-In,2026-07-21 07:14:43.569425431
HLT-07-CS005057,HLT-07,2026-07-20 23:37:17.741716692,L2,2026-07-21 00:27:51.617071014
HLT-07-CS005057,HLT-07,2026-07-20 22:58:16.291261094,CERT-In,2026-07-21 02:02:49.936486828
HLT-07-CS005058,HLT-07,2026-07-23 21:20:42.316750393,CISO,2026-07-23 21:57:28.028545262
HLT-07-CS005058,HLT-07,2026-07-23 20:24:26.006631746,CERT-In,2026-07-23 21:52:30.895972834
HLT-07-CS005058,HLT-07,2026-07-23 20:34:26.006631746,NCIIPC,
HLT-07-CS005059,HLT-07,2026-07-25 17:36:35.215595950,CISO,2026-07-25 18:17:40.503565091
HLT-07-CS005059,HLT-07,2026-07-25 18:17:48.033791566,CERT-In,2026-07-25 20:41:04.289424076
HLT-07-CS005059,HLT-07,2026-07-25 18:27:48.033791566,NCIIPC,
HLT-07-CS005060,HLT-07,2026-07-22 18:41:36.165347476,CISO,2026-07-22 18:49:09.548730715
HLT-07-CS005060,HLT-07,2026-07-22 20:48:49.275655268,CERT-In,2026-07-22 22:34:51.668818906
HLT-07-CS005060,HLT-07,2026-07-22 20:58:49.275655268,NCIIPC,
HLT-07-CS005061,HLT-07,2026-07-22 23:42:43.931862105,CERT-In,2026-07-23 03:19:03.326552109
HLT-07-CS005064,HLT-07,2026-08-05 07:36:57.483278807,CERT-In,2026-08-05 10:48:59.090991011
HLT-07-CS005064,HLT-07,2026-08-05 07:46:57.483278807,NCIIPC,
HLT-07-CS005065,HLT-07,2026-07-23 07:55:31.690274226,CERT-In,2026-07-23 10:36:06.623692525
HLT-07-CS005065,HLT-07,2026-07-23 08:05:31.690274226,NCIIPC,
HLT-07-CS005066,HLT-07,2026-07-25 21:24:07.391468357,CERT-In,2026-07-26 00:47:26.682721349
HLT-07-CS005066,HLT-07,2026-07-25 21:34:07.391468357,NCIIPC,
HLT-07-CS005067,HLT-07,2026-08-09 16:17:57.457932751,CISO,2026-08-09 17:13:59.686250467
HLT-07-CS005067,HLT-07,2026-08-09 15:57:59.327910344,CERT-In,2026-08-09 17:38:40.460834253
HLT-07-CS005067,HLT-07,2026-08-09 16:07:59.327910344,NCIIPC,
HLT-07-CS005069,HLT-07,2026-08-08 10:34:16.587292489,L2,2026-08-08 11:03:19.420383771
HLT-07-CS005069,HLT-07,2026-08-08 08:30:40.922543430,CERT-In,2026-08-08 09:48:12.849189630
HLT-07-CS005070,HLT-07,2026-07-22 21:26:42.436607428,CISO,2026-07-22 22:10:59.470873778
HLT-07-CS005070,HLT-07,2026-07-22 22:18:26.476171006,CERT-In,2026-07-23 01:01:36.915479315
HLT-07-CS005070,HLT-07,2026-07-22 22:28:26.476171006,NCIIPC,
HLT-07-CS005071,HLT-07,2026-07-31 11:12:33.650901553,CISO,2026-07-31 11:19:13.773139973
HLT-07-CS005071,HLT-07,2026-07-31 14:45:13.102118166,CERT-In,2026-07-31 18:39:19.331740322
HLT-07-CS005071,HLT-07,2026-07-31 14:55:13.102118166,NCIIPC,
HLT-07-CS005074,HLT-07,2026-08-01 20:17:44.711920264,L2,2026-08-01 20:25:23.771726738
HLT-07-CS005074,HLT-07,2026-08-01 21:03:23.460171320,CERT-In,2026-08-01 22:16:49.844908866
HLT-07-CS005075,HLT-07,2026-08-19 13:02:50.421442487,CERT-In,2026-08-19 15:20:26.685676591
HLT-07-CS005075,HLT-07,2026-08-19 13:12:50.421442487,NCIIPC,
HLT-07-CS005076,HLT-07,2026-08-10 02:13:59.046222689,CISO,2026-08-10 02:22:41.976139032
HLT-07-CS005076,HLT-07,2026-08-09 23:54:22.471057840,CERT-In,2026-08-10 02:20:21.942226822
HLT-07-CS005076,HLT-07,2026-08-10 00:04:22.471057840,NCIIPC,
HLT-07-CS005077,HLT-07,2026-08-02 13:11:35.235859248,L2,2026-08-02 13:37:44.250796627
HLT-07-CS005077,HLT-07,2026-08-02 11:48:25.030181110,CERT-In,2026-08-02 13:24:52.222151457
HLT-07-CS005079,HLT-07,2026-08-06 19:49:36.465169898,CISO,2026-08-06 20:46:38.854154227
HLT-07-CS005079,HLT-07,2026-08-06 19:50:36.275953288,CERT-In,2026-08-06 21:12:21.003757987
HLT-07-CS005079,HLT-07,2026-08-06 20:00:36.275953288,NCIIPC,
HLT-07-CS005080,HLT-07,2026-08-10 12:20:56.453343149,L2,2026-08-10 13:13:50.394400807
HLT-07-CS005080,HLT-07,2026-08-10 12:10:35.026710481,CERT-In,2026-08-10 13:49:11.988028702
HLT-07-CS005081,HLT-07,2026-08-23 00:02:31.263447653,L2,2026-08-23 00:14:02.469433815
HLT-07-CS005081,HLT-07,2026-08-23 03:27:42.424851614,CERT-In,2026-08-23 05:32:28.455920437
HLT-07-CS005082,HLT-07,2026-08-25 18:25:56.201240564,L2,2026-08-25 18:57:25.843996464
HLT-07-CS005082,HLT-07,2026-08-25 21:22:34.370874260,CERT-In,2026-08-25 22:45:13.557426015
HLT-07-CS005084,HLT-07,2026-08-22 15:14:20.159377599,L2,2026-08-22 15:51:57.596282720
HLT-07-CS005084,HLT-07,2026-08-22 15:15:20.736578618,CERT-In,2026-08-22 16:28:10.593127222
HLT-07-CS005085,HLT-07,2026-08-19 11:15:17.130281323,L2,2026-08-19 11:34:22.113675665
HLT-07-CS005085,HLT-07,2026-08-19 12:26:52.440211774,CERT-In,2026-08-19 14:07:05.195617534
HLT-07-CS005087,HLT-07,2026-08-13 20:13:43.613644438,CISO,2026-08-13 21:13:41.512678226
HLT-07-CS005087,HLT-07,2026-08-13 19:59:54.160570019,CERT-In,2026-08-13 22:58:23.967054911
HLT-07-CS005087,HLT-07,2026-08-13 20:09:54.160570019,NCIIPC,
HLT-07-CS005088,HLT-07,2026-08-17 05:52:07.797310057,CISO,2026-08-17 06:31:01.987412100
HLT-07-CS005088,HLT-07,2026-08-17 10:41:34.483268245,CERT-In,2026-08-17 14:40:00.790921786
HLT-07-CS005088,HLT-07,2026-08-17 10:51:34.483268245,NCIIPC,
HLT-07-CS005090,HLT-07,2026-08-31 10:16:06.821411446,CISO,2026-08-31 10:46:33.979554053
HLT-07-CS005090,HLT-07,2026-08-31 11:04:36.791724936,CERT-In,2026-08-31 14:56:05.733854886
HLT-07-CS005090,HLT-07,2026-08-31 11:14:36.791724936,NCIIPC,
HLT-07-CS005091,HLT-07,2026-08-19 07:48:08.408631945,CISO,2026-08-19 08:46:43.235395567
HLT-07-CS005091,HLT-07,2026-08-19 07:35:41.240123207,CERT-In,2026-08-19 11:20:36.172255205
HLT-07-CS005091,HLT-07,2026-08-19 07:45:41.240123207,NCIIPC,
HLT-07-CS005092,HLT-07,2026-08-16 10:08:13.597806855,L2,2026-08-16 10:36:12.799075562
HLT-07-CS005092,HLT-07,2026-08-16 11:16:00.102226304,CERT-In,2026-08-16 13:30:16.439727693
HLT-07-CS005093,HLT-07,2026-08-28 15:24:17.514849898,CERT-In,2026-08-28 18:59:44.651835156
HLT-07-CS005094,HLT-07,2026-08-20 04:38:42.454176810,L2,2026-08-20 05:12:06.123034786
HLT-07-CS005094,HLT-07,2026-08-20 03:46:48.355358644,CERT-In,2026-08-20 05:55:05.858149950
HLT-07-CS005096,HLT-07,2026-08-30 20:32:14.791194643,CERT-In,2026-08-31 00:05:59.593629990
HLT-07-CS005097,HLT-07,2026-08-18 02:23:38.913170079,CERT-In,2026-08-18 05:55:50.105359877
HLT-07-CS005098,HLT-07,2026-08-09 12:02:40.859382581,CERT-In,2026-08-09 13:30:13.261226963
HLT-07-CS005099,HLT-07,2026-08-27 08:10:24.872832187,CERT-In,2026-08-27 09:00:49.357229068
HLT-07-CS005100,HLT-07,2026-08-17 03:23:59.406292683,L2,2026-08-17 03:47:38.415605218
HLT-07-CS005100,HLT-07,2026-08-17 06:03:32.820600646,CERT-In,2026-08-17 06:37:53.434799110
HLT-07-CS005101,HLT-07,2026-09-02 03:07:34.960349357,L2,2026-09-02 03:22:06.426871389
HLT-07-CS005101,HLT-07,2026-09-02 04:23:34.082882780,CERT-In,2026-09-02 06:14:05.060449386
HLT-07-CS005103,HLT-07,2026-08-11 16:18:31.846246517,CERT-In,2026-08-11 19:13:02.701065028
HLT-07-CS005103,HLT-07,2026-08-11 16:28:31.846246517,NCIIPC,
HLT-07-CS005105,HLT-07,2026-09-07 02:21:38.589480419,CISO,2026-09-07 02:58:15.525784525
HLT-07-CS005105,HLT-07,2026-09-07 03:17:31.823761634,CERT-In,2026-09-07 05:04:55.555958202
HLT-07-CS005105,HLT-07,2026-09-07 03:27:31.823761634,NCIIPC,
HLT-07-CS005106,HLT-07,2026-08-23 04:10:55.650685650,L2,2026-08-23 04:18:24.476620300
HLT-07-CS005106,HLT-07,2026-08-23 04:57:11.093734523,CERT-In,2026-08-23 07:39:50.229413949
HLT-07-CS005107,HLT-07,2026-09-10 09:10:00.893602790,L2,2026-09-10 09:18:43.343183872
HLT-07-CS005107,HLT-07,2026-09-10 12:10:00.610633345,CERT-In,2026-09-10 15:02:51.565449805
HLT-07-CS005108,HLT-07,2026-08-23 09:29:41.451806635,L2,2026-08-23 10:10:27.917211581
HLT-07-CS005108,HLT-07,2026-08-23 11:16:32.127351344,CERT-In,2026-08-23 12:11:43.718804250
HLT-07-CS005109,HLT-07,2026-09-01 18:53:32.397724339,CERT-In,2026-09-01 20:11:44.608497119
HLT-07-CS005109,HLT-07,2026-09-01 19:03:32.397724339,NCIIPC,
HLT-07-CS005110,HLT-07,2026-09-02 09:10:56.635453126,CISO,2026-09-02 09:46:36.494855780
HLT-07-CS005110,HLT-07,2026-09-02 09:54:13.405562154,CERT-In,2026-09-02 10:56:45.030290729
HLT-07-CS005110,HLT-07,2026-09-02 10:04:13.405562154,NCIIPC,
HLT-07-CS005111,HLT-07,2026-09-01 22:36:05.489188693,CISO,2026-09-01 22:59:28.510432325
HLT-07-CS005111,HLT-07,2026-09-01 23:19:18.507083097,CERT-In,2026-09-02 01:46:10.405611854
HLT-07-CS005111,HLT-07,2026-09-01 23:29:18.507083097,NCIIPC,
HLT-07-CS005113,HLT-07,2026-09-10 02:27:12.654857933,CISO,2026-09-10 03:12:54.472967203
HLT-07-CS005113,HLT-07,2026-09-10 02:03:04.285194008,CERT-In,2026-09-10 02:56:11.770398946
HLT-07-CS005113,HLT-07,2026-09-10 02:13:04.285194008,NCIIPC,
HLT-07-CS005115,HLT-07,2026-09-04 10:53:23.280224788,CERT-In,2026-09-04 12:56:40.829016188
HLT-07-CS005116,HLT-07,2026-08-28 06:31:13.011933786,L2,2026-08-28 07:04:04.436321721
HLT-07-CS005116,HLT-07,2026-08-28 08:38:13.427393673,CERT-In,2026-08-28 11:09:09.141689199
HLT-07-CS005117,HLT-07,2026-08-19 22:55:33.915323504,CISO,2026-08-19 23:29:26.043736820
HLT-07-CS005117,HLT-07,2026-08-19 22:46:52.112154844,CERT-In,2026-08-19 23:29:27.263599481
HLT-07-CS005117,HLT-07,2026-08-19 22:56:52.112154844,NCIIPC,
HLT-07-CS005118,HLT-07,2026-09-01 03:56:50.617713094,CERT-In,2026-09-01 06:26:42.344382092
HLT-07-CS005119,HLT-07,2026-08-30 00:27:13.816564613,CISO,2026-08-30 01:10:01.851309381
HLT-07-CS005119,HLT-07,2026-08-30 00:40:20.038117996,CERT-In,2026-08-30 04:19:41.746524958
HLT-07-CS005119,HLT-07,2026-08-30 00:50:20.038117996,NCIIPC,
HLT-07-CS005122,HLT-07,2026-08-28 16:28:18.027883800,CISO,2026-08-28 16:50:22.062553344
HLT-07-CS005122,HLT-07,2026-08-28 13:53:28.765570661,CERT-In,2026-08-28 16:50:24.007113213
HLT-07-CS005122,HLT-07,2026-08-28 14:03:28.765570661,NCIIPC,
HLT-07-CS005124,HLT-07,2026-09-02 08:30:31.807628148,CERT-In,2026-09-02 11:41:02.083284744
HLT-07-CS005124,HLT-07,2026-09-02 08:40:31.807628148,NCIIPC,
HLT-07-CS005126,HLT-07,2026-09-04 01:24:21.387426264,CERT-In,2026-09-04 04:16:20.942454675
HLT-07-CS005126,HLT-07,2026-09-04 01:34:21.387426264,NCIIPC,
HLT-07-CS005127,HLT-07,2026-09-23 00:53:14.788309412,CISO,2026-09-23 01:03:05.964004671
HLT-07-CS005127,HLT-07,2026-09-23 01:21:23.970796301,CERT-In,2026-09-23 03:24:02.415432072
HLT-07-CS005127,HLT-07,2026-09-23 01:31:23.970796301,NCIIPC,
HLT-07-CS005128,HLT-07,2026-09-07 21:38:05.963527317,CISO,2026-09-07 21:59:25.504605190
HLT-07-CS005128,HLT-07,2026-09-07 21:35:58.068188429,CERT-In,2026-09-07 23:01:18.378181253
HLT-07-CS005128,HLT-07,2026-09-07 21:45:58.068188429,NCIIPC,
HLT-07-CS005130,HLT-07,2026-09-10 04:03:31.559530403,L2,2026-09-10 04:19:44.515971020
HLT-07-CS005130,HLT-07,2026-09-10 04:37:06.037776510,CERT-In,2026-09-10 08:08:24.629348882
HLT-07-CS005131,HLT-07,2026-09-18 08:39:42.910744359,CERT-In,2026-09-18 10:22:41.779023116
HLT-07-CS005131,HLT-07,2026-09-18 08:49:42.910744359,NCIIPC,
HLT-07-CS005135,HLT-07,2026-09-11 12:57:04.981329114,CISO,2026-09-11 13:32:51.966944611
HLT-07-CS005135,HLT-07,2026-09-12 01:10:41.939756385,CERT-In,2026-09-12 04:28:10.347274724
HLT-07-CS005135,HLT-07,2026-09-12 01:20:41.939756385,NCIIPC,
HLT-07-CS005136,HLT-07,2026-09-25 12:24:48.367085951,L2,2026-09-25 12:40:13.473738221
HLT-07-CS005136,HLT-07,2026-09-25 02:38:50.558657223,CERT-In,2026-09-25 03:25:29.485055267
HLT-07-CS005137,HLT-07,2026-09-21 15:01:21.782982618,L2,2026-09-21 15:32:36.623298119
HLT-07-CS005137,HLT-07,2026-09-21 10:53:22.168534599,CERT-In,2026-09-21 14:45:18.049700417
HLT-07-CS005139,HLT-07,2026-09-21 07:27:45.150184294,L2,2026-09-21 07:40:11.588748209
HLT-07-CS005139,HLT-07,2026-09-21 04:29:28.837325388,CERT-In,2026-09-21 05:26:37.890733682
HLT-07-CS005140,HLT-07,2026-09-12 08:53:44.942353245,L2,2026-09-12 09:16:03.469571789
HLT-07-CS005140,HLT-07,2026-09-12 10:15:37.567185912,CERT-In,2026-09-12 10:57:45.941057705
HLT-07-CS005141,HLT-07,2026-09-22 18:59:08.735666989,L2,2026-09-22 19:38:19.354214791
HLT-07-CS005141,HLT-07,2026-09-22 18:43:53.852669018,CERT-In,2026-09-22 21:19:03.867669572
HLT-07-CS005142,HLT-07,2026-09-22 14:19:12.309841720,L2,2026-09-22 15:14:50.077718382
HLT-07-CS005142,HLT-07,2026-09-22 15:25:36.286608814,CERT-In,2026-09-22 18:01:21.880630862
HLT-07-CS005143,HLT-07,2026-09-26 17:58:14.377332065,L2,2026-09-26 18:30:16.254322066
HLT-07-CS005143,HLT-07,2026-09-26 17:29:10.059085015,CERT-In,2026-09-26 21:22:49.882832237
HLT-07-CS005144,HLT-07,2026-09-23 01:50:28.932902458,CISO,2026-09-23 02:10:08.119557239
HLT-07-CS005145,HLT-07,2026-09-11 07:23:03.694461436,L2,2026-09-11 08:01:43.692074210
HLT-07-CS005145,HLT-07,2026-09-11 07:31:48.626961982,CERT-In,2026-09-11 09:55:48.595813884
HLT-07-CS005147,HLT-07,2026-09-24 08:36:31.604222509,CISO,2026-09-24 08:55:55.957053893
HLT-07-CS005147,HLT-07,2026-09-24 06:01:11.028333403,CERT-In,2026-09-24 09:37:57.592510938
HLT-07-CS005147,HLT-07,2026-09-24 06:11:11.028333403,NCIIPC,
HLT-07-CS005148,HLT-07,2026-09-25 12:53:48.491719307,CISO,2026-09-25 13:11:19.862008697
HLT-07-CS005148,HLT-07,2026-09-25 13:14:38.264394703,CERT-In,2026-09-25 16:01:42.683278185
HLT-07-CS005148,HLT-07,2026-09-25 13:24:38.264394703,NCIIPC,
HLT-07-CS005149,HLT-07,2026-09-28 04:32:20.403419835,L2,2026-09-28 05:31:49.556902642
HLT-07-CS005149,HLT-07,2026-09-28 03:33:18.745873112,CERT-In,2026-09-28 05:57:55.453616084
HLT-07-CS005150,HLT-07,2026-09-18 14:03:32.840993980,L2,2026-09-18 14:33:21.141252251
HLT-07-CS005151,HLT-07,2026-09-24 23:44:27.093744172,L2,2026-09-24 23:56:45.397191128
HLT-07-CS005151,HLT-07,2026-09-25 00:01:41.595901684,CERT-In,2026-09-25 03:26:44.859257585
HLT-07-CS005154,HLT-07,2026-09-28 08:43:43.674863675,L2,2026-09-28 09:15:34.223135110
HLT-07-CS005154,HLT-07,2026-09-28 08:51:24.779514074,CERT-In,2026-09-28 09:54:58.319450081
HLT-07-CS005156,HLT-07,2026-09-23 13:48:28.336529698,CERT-In,2026-09-23 17:00:11.022473660
HLT-07-CS005156,HLT-07,2026-09-23 13:58:28.336529698,NCIIPC,
HLT-07-CS005157,HLT-07,2026-09-30 21:45:29.423657476,CERT-In,2026-10-01 01:19:48.841711902
